user_name,text,place_name,country
Carlos71908200,"El compa√±ero Ba√±os censurado, luego las miserables periodistas que defienden este gobierno dir√°n que no hay censura,mentirosos y vendidos!",Murcia,ES
FrandeleonPP,@pmarmar1956 @IdiazAyuso Yo soy del pp como ayuso almeida y casado. Quiz√°s la pena es que t√∫ no nos votes ;),Madrid,ES
elysan0863,"Esta mujer est√° luchando contra la pandemia y contra el pu.. gobierno comunista!!
Bravo por ella!!üëèüëèüëèüëè",Ja√©n,ES
Eloy99_bmx,"@WeekendInBalow Ese t√≠o es un disminuido mental.

Iker tiene de derecha lo que ese hombre de amante de la libertad.‚Ä¶ https://t.co/Au1SlaiHor",Vilagarc√≠a de Arousa,ES
alepalcor,"Que la gente sea retrasa es culpa del gobierno social comunista, est√° claro.",Barcelona,ES
jgalfer,Yo quiero un l√≠der de alternativa al gobierno y no uno de oposici√≥n. Que registre p√∫blicamente sus propuestas y las‚Ä¶ https://t.co/1jZ0ZRwMck,Sevilla,ES
gemmablanco__,@anabarcelochico Todo el esfuerzo que estamos haciendo los que velamos por la seguridad de los ciudadanos no va a s‚Ä¶ https://t.co/a0hNuXWltk,Valencia,ES
gemmablanco__,@anabarcelochico Todo el esfuerzo que estamos haciendo los que velamos por la seguridad de los ciudadanos no va a s‚Ä¶ https://t.co/Vh5OcGu9Rh,Valencia,ES
cagolahostia,Que cojones tendra que ver Sanchez con la irresponsabilidad de muchos padres,Vilanova i la Geltr√∫,ES
mer_buigues,Que la sociedad no sepa acatar unas normas NO es culpa de un Gobierno y da igual la ideolog√≠a,Alicante,ES
SarayGutierre97,"Yo no me meto en pol√≠tica, pero es de risa que primero le exijan al gobierno que dejen salir a los ni√±os/as y luego‚Ä¶ https://t.co/lG5xCn360I",Bormujos,ES
angelcruz71,@Consensador Yo no me sorprendo. Lo que me sorprendo es que la gente se indigne cuando dice que el gobierno nos trata como ni√±os.,Valencia,ES
Suleony,"ES HORA DE PERU FABRICANTE
BASTA DE CHINA NI DE NINGUN LUGAR
NOSOTROS PODEMOS FABRICAR TODO",Orihuela,ES
EleEls,esperando sentada y sosegada a que aumente el n√∫mero de contagios y le tir√©is mierda al gobierno üòÅ https://t.co/0WYUpWm0Pk,Malpartida de Plasencia,ES
cf_posadas,"por vender. Al filo del descanso, Benito protagoniza una acci√≥n por banda izquierda del ataque espa√±ol que termina‚Ä¶ https://t.co/Zk3IV01kTZ",Posadas,ES
patriramos16,"No es el culpa del gobierno porque no ha obligado a punta de pistola que salgan, pero si es su culpa que haya dado‚Ä¶ https://t.co/D2FYhbqPK5",Trujillo,ES
cyberparanoic,"Cuanto tardar√° la derecha em decir que es una imprudencia dejar salir a los ni√±os, que la culpa es de @PabloIglesias.
#paisdepandereta",Puerto Real,ES
JiBorrell,@elnacionalcat El Gobierno de Espa√±ist√°n niega que sea un estado de matriz franquista,Barcelona,ES
frescoyseco,"Si no podemos poner a parir a nuestros cong√©neres, ¬øqu√© nos queda? ¬øMirarnos mutuamente en silencio? ¬øSalir a aplau‚Ä¶ https://t.co/ocRcDVhyYN",Madrid,ES
prblancoes,"Parece que al PP se le quitan los complejos, Maroto.",Madrid,ES
CMarieh2,Miedo me da cuando el Gobierno diga que es oficial que a partir del d√≠a 2 iremos a hacer deporte... Yo que hago dep‚Ä¶ https://t.co/hzzu9CNsOh,M√°laga,ES
joaquimbachs,#LoEstamosConsiguiendo El M√°ster de Abogac√≠a de Rabago se lo va a sacar en Universidad Juan Carlos I. Los del PP ti‚Ä¶ https://t.co/u1q38zN75j,Barcelona,ES
Tonimurpe,@lachurrera2 @protestona1 S√≥lo quer√≠a decir que no creo que sea de Izquierdas. Al menos que vote al PSOE o Podemos.,Badalona,ES
luciadeluna,"A Pablo Iglesias ""le pillan"" al ir a comprar al supermercado sin mascarilla (aunque lleva guantes). Almeida y Ayuso‚Ä¶ https://t.co/nvznHqn1TD",Madrid,ES
jpaul2481,"El aislamiento inteligente del gobierno es un... "" salvese quien pueda"" como siempre los muertos los van a poner los pobres.",Torrevieja,ES
GuillePrieto10,Mi pregunta era si de verdad el gobierno se pensaba que todo el mundo iba a respetar todas las normas a la hora de‚Ä¶ https://t.co/FqeUtc9Ptl,Sevilla,ES
andreabm00,Bueno Rosa el gobierno no obliga el uso d mascarillas a no se q este uno infectado y guantes pues si q lleva y buen‚Ä¶ https://t.co/NYhaXFjFg1,Entrena,ES
ismaelito2306,Espero que los padres sean m√°s responsables que este gobierno,Jamilena,ES
Rodrigoasalina,@CGT_Diego Muchos y muchas de lo q aplauden todo los d√≠as a la hora de votar lo hacen al PP y a VOX  q son los part‚Ä¶ https://t.co/3h4Vet48Je,El Coronil,ES
jbentabol,80 indignidades del Gobierno Vasco,Sevilla,ES
pacoguillotina,@Oak_blanco @iBarbarellah Te falta por decir del gobierno socialcomunista y todo arreglado.,Jerez de la Frontera,ES
prblancoes,@PatriciaSbd @RubenSanchezTW @LaFlamencadeBgn Pero el delito es ser de Vox o vender mascarillas con la bandera de Espa√±a? üòÇ,Madrid,ES
CalixtoRodrigu,El Gobierno niega haber visto im√°genes de aglomeraciones v√≠a @elnacionalcat_e https://t.co/D9LHnRKFgH,Barcelona,ES
estoyhastalosc4,"Pero vamos a ver. El gobierno no es responsable de que parte de nuestros compatriotas sean unos listillos. 
Las nor‚Ä¶ https://t.co/b762pJX8Ud",Zaragoza,ES
antramaliada,@vox_es Yo escuchando a los fachas quejarse: https://t.co/iNu0wx2uJB,Canet de Mar,ES
abecarub,@carmenmon73 @Migueln02965086 Estos de VOX no saben ya lo que sacar¬°!!,Ja√©n,ES
GranaVeleta,"@MaiaAnttton9 Por supuesto padres irresponsables,  el gobierno lo hace  por el bien de los ni√±os, mis nietas de 2 y‚Ä¶ https://t.co/2NcJknKCx7",Granada,ES
enrosinat,"El Gobierno dijo que los ni√±os salieran acompa√±ados de personas adultas y responsables, no #irresponsables...",Alicante,ES
tinjarsia,"@ximances Total! Nunca hab√≠a visto una derecha tan descerebrada. Les desmontan sus bulos, y luego achacan que les c‚Ä¶ https://t.co/4WROdmf7se",Barcelona,ES
karengianinna,"Llev√°is 2 meses con el √±i√±i√±√≠ x la gesti√≥n del Gobierno ante la pandemia
Hoy, 26/04, cuando x fin abre la mano, os‚Ä¶ https://t.co/8QJ5CIVDqE",Barcelona,ES
EmiliAgudo,@PaulaVazquezTV El gobierno tampoco ha tomado las decisiones m√°s adecuadas ni las personas apropiadas.,Molins de Rei,ES
carlitosga98,Hoy nos merecemos un tir√≥n de orejas del gobierno a ver si nos enteramos https://t.co/u3zXTehgDX,Ubrique,ES
franjapeva78,@malakahin Es l√≥gico q la gente piense q las leyes no van con ellos puesto q este gobierno hace con ellas lo que le‚Ä¶ https://t.co/FdrOtjANpf,M√°laga,ES
Leosegmar,"Claro, por que gilipollas solo son los de derecha, los votantes de izquierda no tienen hijosüòÇ",Seville,ES
CumbresTheBoss,Qu√© curioso que para Twitter hoy solo han salido a la calle gente de Vox,C√°ceres,ES
NereaMJ2000,Espero no ver comentarios por Facebook de padres enfurecidos por la gesti√≥n del Gobierno porque piso cabezas,Ronda,ES
marikilla29,Hoy me dirigo a toda espa√±a entera;me parece muy bien que el gobierno de permiso para sacar a los cri@s pero enseri‚Ä¶ https://t.co/vV5mCGTOtU,La Uni√≥n,ES
abecarub,"@LTetecio Esta vez le toca a los padres pero ojo,...s√≥lo a los padres que votan al PSOE y UP¬°!! Los padres que vota‚Ä¶ https://t.co/54Td5u5pEY",Ja√©n,ES
iriaapinheiro,podemos dejar de buscar al culpable y empezar a buscar soluciones? gracias.,Ames,ES
FDE33,@SergioLopezLei1 @eme_73 no esa culpa la tienen los padres que no cumplen con las reglas el gobierno no tiene nada‚Ä¶ https://t.co/FxHstiAN4d,Le√≥n,ES
Daniel_Sanz_C,Las fotos del duelo y la desverg√ºenza del gobierno de S√°nchez. https://t.co/gPXwtq6c8O,Madrid,ES
PabloIglesiasF,Me sumo a la m√°xima condena a este comportamiento fascista por parte del concejal de Vox en el Ayuntamiento de Bada‚Ä¶ https://t.co/6cXwx2yolc,Badajoz,ES
FDE33,@SergioLopezLei1 @eme_73 Entonces no es el gobierno y c√≥mo se te nota que eres de derechas derechas dura y pura fascista hasta las hasta,Le√≥n,ES
Bolzoni88,"Y con esto no quiero decir que el gobierno lo este haciendo bien ni mucho menos, pero es que fue hablar de putas la tacones...",Valladolid,ES
Migueprados,"Ahora sal√≠s a las 19 a darle una cacerolada al gobierno y a las 20 a aplaudir a los que se est√°n jugando la vida.
L‚Ä¶ https://t.co/yChySmIP3n",Granada,ES
Cobiqueronalero,"@ldpsincomplejos Lo veremos en 15 d√≠as, pero al igual que criticar al gobierno (obviamente es una medida que ni ben‚Ä¶ https://t.co/qmeudcAa2e",Madrid,ES
AnaDelOlmo10,@Esprituindomab1 @Elgdbb Pues creo que es a los amigos del gobierno a mis amigos no.,Le√≥n,ES
Robcampnou67,V√≠deo | Negre humillado en el S√°lvame Deluxe: ¬´Es la ca√≠da de la extrema derecha medi√°tica¬ª https://t.co/TGnzF8FmEj‚Ä¶ https://t.co/SvLCIBbPmj,Valladolid,ES
carmendieciocho,"Desde luego que verg√ºenza ajena me da la gente de este pais, y el gobierno los primeros, que son los principales culpables de todo esto.",Las Rozas de Madrid,ES
brianvallemu,¬øC√≥mo podemos culpabilizar a un dirigente pol√≠tico por lo que alguien haga a t√≠tulo propio y de forma ego√≠sta? ¬øAca‚Ä¶ https://t.co/F2YoW0hg30,Palencia,ES
TANIABENITEZ1,Esta irresponsabilidad lo pagaremos! Tanto el gobierno central como el gobierno de la Comunidad Valenciana son unos‚Ä¶ https://t.co/IYJEMPBFeU,Cogollos,ES
luisrmcf,Espero que el gobierno prohiba ma√±ana mismo lo que ha permitido hoy,Madrid,ES
frescoyseco,Mucho tuitero se alegr√≥ tanto por lo del gobierno de coalici√≥n (sic lol) que el confeti les obstruy√≥ la arteria de la capacidad cr√≠tica.,Madrid,ES
AbellaMonrea,@PadelSPIN @alfreyes14 Tiene cara de Podemos,Barcelona,ES
jesusgres,"@CoNiCiO1 @Francis16893780 @MonederoJC @IdiazAyuso Cierto, Iglesias s√≥lo es vicepresidente.",Madrid,ES
JesusGR1985,@granadadigital @salvadorilla @desdelamoncloa @Teresaribera El gobierno est√° gilipollas... Pero que cojones si nada‚Ä¶ https://t.co/W803gW23KH,Granada,ES
Plz131,@alvarodracula @David_Higuera7 El que juega es S√°nchez y Iglesias y nadie hace nada,Madrid,ES
claratroncoso2,"@Mar_Montoro Mucha Gente lerda que se ha visto ..  Aqu√≠ cada uno va a lo suyo Mar. Es incle√≠ble, como el Gobierno s‚Ä¶ https://t.co/ETb4xu69Hy",Vigo,ES
chrstntrj,"@RubenSanchezTW Ella ya es famosa aqu√≠ por su bonita poes√≠a titulada ‚ÄúFacha me llaman y facha soy‚Äù.
https://t.co/OIceaVUiGy",Alicante,ES
JesusGR1985,@granadadigital @salvadorilla @desdelamoncloa @Teresaribera Y vamos tanto el gobierno como la oposici√≥n son igual d‚Ä¶ https://t.co/otkfqLaPKb,Granada,ES
torreviejalook,"@astro_duque ¬ø De verdad ? ¬ø Donde podemos comprobar ese dato, Ministro ?",Torrevieja,ES
anvasa125,los artistas podemos acceder a sus canales de YouTube). ESTA BATALLA LA TENEMOS CASI GANADA (un √∫ltimo esfuerzo que‚Ä¶ https://t.co/oSY0W2opVz,Santa Olalla del Cala,ES
Karla_G_P,@elisabeni Luego ser√° culpa del gobierno ü§∑‚Äç‚ôÄÔ∏èü§∑‚Äç‚ôÄÔ∏è,Ja√©n,ES
pakoelperro,@MRRC1110 @TxusMarcano El pasmo les dar√° cuando se enteren que la derecha de Portugal apoya sin fisuras su a su gob‚Ä¶ https://t.co/hXBnHcfCOL,C√≥rdoba,ES
patridunk,La izquierda tiene al consumidor de S√°lvame y https://t.co/C4gqd5Wlpz. Ese es el nivel. Son legi√≥n.,Madrid,ES
sergiosnbl,@diegoodrt El gobierno es responsable de que tu vayas a 180km/h por una carretera?,Cebreros,ES
carmen81533233,@elpais_espana @el_pais Que clase de politica tenemos el presidente para los desprecios y los palos  simberguenzas,Vallromanes,ES
cheekyfujedi,"@Adriansanzsanz Man, si t√∫ sigues creyendo que el repunte que se nos viene es culpa del gobierno y no del ego√≠smo y‚Ä¶ https://t.co/d3Qv0zPW0V",Badalona,ES
Alepf_5,Si las medidas que te pone el gobierno es que actues con responsabilidad y se hagan paseos de 1 h acompa√±ados por u‚Ä¶ https://t.co/03WQg1u7d5,C√°diz,ES
sergiosnbl,@diegoodrt El gobierno ha cumplido con su responsabilidad procurando unas medidas que permitan a los padres sacar a‚Ä¶ https://t.co/fYnCQCm2RX,Cebreros,ES
Agaleano1990,Bueno pues ya tienen a quien echar la culpa! El gobierno lo hizo todo bien pero claro es que tienen que luchar cont‚Ä¶ https://t.co/NdESWzT2ON,Madrid,ES
Matpaiper,@mark_madoff @TeoGarciaEgea El PP de toda √ë al mando de Casado son unos descerebrados el 8 de marzo dijo qu√© el vir‚Ä¶ https://t.co/vAwzAh6aIm,Tortosa,ES
lassenoughes,"@satirika666 @RaquelJaime16 @asemeyu Toma el negro de vox para ti tambi√©n , escoria pero t√∫ ya ni escoria humana ,‚Ä¶ https://t.co/pDC2bV9SwI",Vilafranca del Pened√®s,ES
davidzannak,"@pilar_diz La culpa la tiene gobierno por permitir que salgan, siendo el principal foco de contagio, y los padres c‚Ä¶ https://t.co/rtF6Swts9O",Madrid,ES
PaulaOrtiz_,Ahora toca a los ciudadanos demostrar civismo. Toda la gente que hoy sal√≠a en comandita y no respetaba las normas l‚Ä¶ https://t.co/AyXVRwNqix,Madrid,ES
DanniElHutt,Putos subnormales macho. Ya no vamos a poder criticar ni al gobierno siquiera.,B√©jar,ES
sergi1301,Vox los tiene enormes,Alcal√° de Henares,ES
AmsoAntonio,"@sin_complejos_ El gobierno ha legislado.
A La gente le das el dedo y se coge la mano.
No saques provecho de ello no seas miserable.",Barber√† del Vall√®s,ES
jpmencia,"Qu√© buenos ciudadanos sois todos los que os quej√°is de que la gente haya hecho el subnormal saliendo a la calle, se‚Ä¶ https://t.co/5o7TL1aIl5",San Andr√©s del Rabanedo,ES
JPOMBOPAK,Alucinante el gobierno de @sanchezcastejon cada d√≠a se supera as√≠ mismo... #VeteYaSanchez #TicTac #SosEspa√±a https://t.co/ifGoCba4LO,Aranjuez,ES
mikemoratinos,Hoy va a ser muy interesante escuchar la rueda de prensa del Presidente del Gobierno italiano. Lo que Italia va a h‚Ä¶ https://t.co/r3oscjtTUJ,Valladolid,ES
pvilhenaoliver,¬øQue el gobierno me va a obligar a correr? Putos runners. Voy a hacer fotos por la ventana. https://t.co/a89BXsUtTJ,M√°laga,ES
AbrahamBiologia,".@EsperanzAguirre en @LiarlaPardo: yo me acuerdo que estuve en el Hospital el 18 de marzo, que Pablo Iglesias dec√≠a‚Ä¶ https://t.co/ZD2w7g1GVc",Priego de C√≥rdoba,ES
AbrahamBiologia,.@EsperanzAguirre en @LiarlaPardo: Iglesias coo todo el gobierno se 22 ministros est√°n acabados y deben dimitir. #liarlapardo81,Priego de C√≥rdoba,ES
OctavioAparic13,A los pol√≠ticos que dan m√°s importancia a sus intereses que a la vida de los ciudadanos que nos expliquen en qu√© pa‚Ä¶ https://t.co/xQIYC6Kpro,Valencia,ES
crespo212,@yoliluke Yo los he cobrado. Y no llamo a Iglesias,Valencia,ES
recaredo126,"Hay un video de Pablo Iglesias en el super comprando sin guantes, mascarillas ¬øsab√©is por qu√© no tiene miedo de infectarse?",Torrej√≥n de Ardoz,ES
CamaradaMeliton,@queridojavier Tendemos a pensar que los ciudadanos somos ni√±os. No es as√≠. Somos adultos y debemos ser responsable‚Ä¶ https://t.co/5ai7V2XKku,Las Rozas de Madrid,ES
Charo74081601,El 2 de mayo hay que salir pero para echar esta jentuza del gobierno,L'Hospitalet de Llobregat,ES
AbrahamBiologia,".@EsperanzAguirre en @LiarlaPardo: cuando acab√≥ la segunda guerra mundial se formo un gobierno de concentraci√≥n, po‚Ä¶ https://t.co/bKg9HEIFDL",Priego de C√≥rdoba,ES
AbrahamBiologia,".@EsperanzAguirre en @LiarlaPardo: podemos tiene casi la mitad de diputado que @vox_es, @sanchezcastejon debe llama‚Ä¶ https://t.co/cXZVXFmu4a",Priego de C√≥rdoba,ES
lohellin,"@carlesenric @AlmeidaPP_ Es de la misma cala√±a que el gobierno central. Que esperan de ella. Lo de siempre, no dar‚Ä¶ https://t.co/2KeBZ41N59",Alcantarilla,ES
iAssistant4EMEA,@smeeplo Totalmente de acuerdo!Al gobierno les conviene tenernos en los balcones porque si nos presentamos todos en‚Ä¶ https://t.co/SOI1ukGfMf,Madrid,ES
Cencreas,@GirautaOficial Pues no. No nos pod√≠amos haber adelantado sin depender del Gobierno de la Comunidad de Madrid. Por‚Ä¶ https://t.co/4A1AqS07zE,Salamanca,ES
JorgeYatale65,Lo que hay que hacer para hablar de este  gobierno sin mencionarlo jeje,Alicante,ES
IvanFdz13,"@ManoloMontalt Estos del Gobierno buscan agarrarse a alg√∫n clavo ardiendo y no saben como, me parece que tienen mie‚Ä¶ https://t.co/zAjBZWRnKm",Paterna,ES
iAssistant4EMEA,@ldpsincomplejos Hasta el co√±o de cacerolada en balcones!Vamos al Congreso a sacarlos de los pelos!!,Madrid,ES
lewiscott888,"@morgan_1967 Culpables los gobiernos que han gobernado este pa√≠s desde el inicio de la democracia, este gobierno so‚Ä¶ https://t.co/u7g1iNHPIJ",Madrid,ES
JavierAbascal1,@pabquicar @MisterMecha Pablo Iglesias asesino... S√°nchez homicida.....,Sevilla,ES
SergioNieto9,"Pero nada despues que si caceroladas, aplausos, pedro sanchez dimision, y la culpa del resto... 
No pidais despues‚Ä¶ https://t.co/BnxQja3kY6",Mairena del Aljarafe,ES
Virginialaraleo,@Luisinagh @maryvarelaGH Ayer dec√≠an que era una de vox,Marbella,ES
Akikonaj,@RugbyProo @natiquiro @tenoriopop Lo bueno que has cambiado el original donde ponia PP,Manresa,ES
enrosinat,"La concejala de VOX de Sant Joan decide irse a la playa a 3 km. de su domicilio (infracci√≥n n‚Å∞ 1), y acompa√±ada de‚Ä¶ https://t.co/zDzyP3sbVK",Alicante,ES
risk__risk,@raimundoabando Pablo Iglesias ahora s√≠ estar√° de luto.,Madrid,ES
marcvidal,"de los 100.000 millones en avales que anunci√≥ el gobierno al principio de la crisis sanitaria y econ√≥mica, s√≥lo se‚Ä¶ https://t.co/y4opA3PIaq",San Sebasti√°n de los Reyes,ES
gervg_,Dentro de 15 d√≠as algun@s van a volver a criticar al gobierno por la gesti√≥n del Covid19; tal vez l@s mism@s que ho‚Ä¶ https://t.co/FrrCcLBKr8,Barcelona,ES
rodillo3,"@CoherenciaROC @LiarlaPardo @cristina_pardo @laSextaTV Efectivamente, @laSextaTV vocero del gobierno siempre tratan‚Ä¶ https://t.co/1hydwsPH6b",Sevilla,ES
Soypatita,"@RosaMariaPaya @hermanntertsch @MonederoJC 
Este es el plan de gobierno que tienen estos dos .: https://t.co/dwPwyMmw0K",Majadahonda,ES
Alejand30423810,"Esta izquierda que critica las l√°grimas de Ayuso, es la misma que lloraba por el perro Excalibur y mira para otro l‚Ä¶ https://t.co/A2adaVcDQd",M√©rida,ES
JAFrias,"@jhergony Estoy esperando que el Gobierno haga como el de Nueva Zelanda, bajarse el sueldo un 20%.",Madrid,ES
lewiscott888,"@Unachicadedere1 Q llegar√° este se√±or al Gobierno es una cuesti√≥n de voto aunque no comparta ni si estilo, ni su ve‚Ä¶ https://t.co/TUoPz5iJ6B",Madrid,ES
laiaiorri,Esperanza Aguire  como dejasteis el gobierno  recortanto  durante muchos a√±os los presupuestos de la sanidad  ¬øa quien pretendes enga√±ar?,Badalona,ES
enrosinat,"La concejala de VOX de Sant Joan d'Alacant, Gema Alem√°n, decide irse a la playa a 3 km. de su domicilio (infracci√≥n‚Ä¶ https://t.co/8aJi0wdDiy",Alicante,ES
iAssistant4EMEA,He visto ni√±os que ya quieren volver a cenar a sus casas...La cacerolada la voy a hacer en la puerta del congreso a‚Ä¶ https://t.co/7XKpRubwD5,Madrid,ES
CarlosL13101256,"@PilarHLuc @sanchezcastejon Rajoy de paseo, Casado de Campa√±a Electoral haciendo visitas, Ayuso a Misa, que ejemplo‚Ä¶ https://t.co/L7IOwQRKV3",Zamora,ES
JesusRuiperez1,Lo q causa terror a la derecha no es el sufrimiento asociado a la crisis. Ni el dolor q padecen los.q fallecen¬†en s‚Ä¶ https://t.co/OYif5mwz7u,Salamanca,ES
Raquel_Mateor,"@FPgrv En Corea no ha habido confinamiento.
En China, con ese gobierno, est√°n los ciudadanos como para desobedecer,‚Ä¶ https://t.co/FWYrq0DA5g",Valladolid,ES
TxetxuSanz,"@jordi_ballart Me gustar√≠a saber qu√© dudas le plantea a nuestro alcalde las normas del gobierno que, aunque no en s‚Ä¶ https://t.co/3cwj4nelf7",Terrassa,ES
belenllaves,"@Viki_Ortiz @EnfermeraPirada @MJdeMarcosU Si no salen, el gobierno lo hace mal, si salen, tambi√©n. Hay que cumplir‚Ä¶ https://t.co/MEHkcLxqdY",Madrid,ES
iAssistant4EMEA,@TirsodeFaulkner Tampoco podemos hacerlo con Franco de nuestros embalses...,Madrid,ES
ricxjo26,Espera que no haya rebote en una semana y justo cuando podemos salir a pasear no nos digan de nuevo que a quedarse‚Ä¶ https://t.co/6c4mz26NvG,Villarejo de Salvan√©s,ES
iu_teruel,@TeruelMemes Luego dir√°n que la culpa del gobierno cuando no pueden ser responsables mi diez d√≠as,Teruel,ES
jelogaco,"La picaresca espa√±ola,no es responsable,pero el gobierno si es responsable de su incompetente gesti√≥n. Se sab√≠a que‚Ä¶ https://t.co/cy7p7B1dSJ",Mislata,ES
joaquin78893341,@pacomarhuenda Tu de verdad crees que Casado (Aznar) quiere arrimar el hombro? o eres un ingenuo o quieres que caig‚Ä¶ https://t.co/7JNpI83CcG,Tomares,ES
iAssistant4EMEA,@RevillaMiguelA Lleve nuestros aplausos al Congreso y que dejen decidir a las autonom√≠as c√≥mo gestionar la salida ya.Queremos trabajar!,Madrid,ES
JesusRuiperez1,El √≥rgano de gobierno presidido por Carlos Lesmes evidencia la piel fina con un Gobierno de Podemos mientras mostr√≥‚Ä¶ https://t.co/XayQy9mQel,Salamanca,ES
Manuelc55390307,@novedadesaereas A ver si poco a poco se va normalizando la situaci√≥n y podemos volver a trabajar tod@s.‚úà‚úà‚úàüëçüëçüëç,Barcelona,ES
DavidVisus,@voxbonanova @miguel230874 Yo no creo haber cre√≠do de verdad en un Gobierno nunca en mi vida. ¬øY t√∫ @miguel230874?‚Ä¶ https://t.co/YF8h5SMuRD,Zaragoza,ES
CHACHE_DIONI,@Cazatalentos O el Gobierno ...,Hoya-Gonzalo,ES
Flordelima17,@Adolfo_Villalba Por qu√© el Gobierno quiere mentir sobre los muertos!!!!,Nigr√°n,ES
JesusRuiperez1,El √≥rgano de gobierno le poder judicialpresidido por Carlos Lesmes evidencia la piel fina con un Gobierno de Podemo‚Ä¶ https://t.co/QEN1PFODzj,Salamanca,ES
Mikiriver,"@taviralber Si salimos como dice el Gobierno los ni√±os llegan muertos. 

Sin mascarillas. Que es para el que esta malo.",Murcia,ES
CB_Josee,"@pablocasado_ https://t.co/u7eP0vHcxL
Casado en un principio te cre√≠. Lo compart√≠. Me debatieron y me demostraron q‚Ä¶ https://t.co/wgOGwlCmSb",La Ba√±eza,ES
Sobrino_Alvaro,"Si te saltas la ley es culpa del Gobierno.
Aunque TODOS los partidos pol√≠ticos han apoyado la medida del gobierno m‚Ä¶ https://t.co/f3nkYkZoZ1",Bola√±os de Calatrava,ES
JesusRuiperez1,"Ni el PP ni Vox van a tumbar a este Gobierno

Pedro S√°nchez sigue y seguir√° contando con la mayor√≠a justita que tie‚Ä¶ https://t.co/VBIbb90dzb",Salamanca,ES
carlosfalm,PERO QUE CULPA TENDR√Å EL GOBIERNO DE GENTE CON FALTA DE COMPROMISO Y CIVISMO.... acu√©stese impresentable,Zalamea la Real,ES
angeeles013,Iglesias no usa mascarilla en el supermercado pese a haber estado en contacto con varios positivos: https://t.co/eJxFgizSbx,Palma,ES
DanyelATH13,El Gobierno ya puede echar la culpa de los pr√≥ximos contagios a los ciudadanos. Jugada maestra de Pedro S√°nchez.‚Ä¶ https://t.co/WsIR5szAfe,Alcorc√≥n,ES
MTrujilloBerges,"@Chesusandres Como siempre, que cada palo aguante su vela. Error del Gobierno por levantar restricciones e impruden‚Ä¶ https://t.co/UiJVxFVwrT",Barcelona,ES
CarlosL13101256,"@JesusCintora D√≥nde est√° hoy la Polic√≠a, por culpa de estos Irresponsables nos van a Confinar m√°s tiempo a todos los Ciudadanos",Zamora,ES
JesusRuiperez1,"r al coronavirus, sino al PSOE‚Äù

El locutor de radio censur√≥ la actitud del l√≠der del PP al q  califica a  como ‚Äúin‚Ä¶ https://t.co/BNzwyLNXDp",Salamanca,ES
javihino_,"@Alex4Rodriguez Ale el problema no es que el  gobierno  te diga que te tires por la ventana,sino  que te dice que t‚Ä¶ https://t.co/ypcRPBo68Y",Elche,ES
lorenpower2000,"#subnormales cuando la culpa es de la gente, de la gente? El gobierno sigue jugando su partida. Ellos saben muy bie‚Ä¶ https://t.co/ISz9lt3OHc",Isla Cristina,ES
DSabioC,Una propuesta interesante pra amar el gobierno https://t.co/rclXDym7vh,Madrid,ES
KikoSerranoH,@janogarcia_ La gente cree que √©sto es un juego....y va a morir muchas m√°s gente por √©sto....el Gobierno quiere pod‚Ä¶ https://t.co/rlt13Rn7xE,Madrid,ES
Javiermelero10,@iescolar La misa es por los difuntos del covid-19 peque√±o detalle para usted y el gobierno que pretende ignorarlos.,V√©lez-M√°laga,ES
summus_2,#irresponsables #ninosenlacalle #paisdepandereta La verdad que el gobierno ha hecho que deb√≠a. La gente no ha respo‚Ä¶ https://t.co/lXfTxu5nqX,Burriana,ES
trumpllo,"Es el 5 titular sobre este tema, tardo menos iglesias en comprar que este panfleto en redactar los textos",Co√≠n,ES
Chechucherias,"Que bonito decir que el Gobierno lo hace fatal, que tiene la culpa de todo, y luego salir en manada a la calle. Cua‚Ä¶ https://t.co/1dhgmbCKVq",Talavera de la Reina,ES
Flordelima17,@dmartinezpr Rosa D√≠ez s√≥lo odia descaradamente a Iglesias y S√°nchez. Y lo hace sin pudor. Cree que nos enga√±a.,Nigr√°n,ES
xDaniik,@DecayQQ el gobierno debe preveer que vamos a ser gilipollas tb t digo,Aljaraque,ES
PeterPate15,"@iescolar Saca lo de guns Cuba 
Claro Garz√≥n tiene coche oficial 
Dimisi√≥n el gobierno por Cuba",Sevilla,ES
CatalanChiflado,@Angie41940 @Adrian_Lastra Se la echamos a Vox si quieres pedazo de mandril,Miguelturra,ES
lara_martinez8,"Como la concejala de VOX ha borrado las fotos, raz√≥n de m√°s para compartirlo.

Con gentuza como esta que haya un re‚Ä¶ https://t.co/Gd0Pej2ydw",Sant Joan d'Alacant,ES
MMagan82,"Estamos a dos telediarios del ""El Gobierno consigue que los ni√±os salgan a pasear por primera vez desde la Guerra Civil""",Madrid,ES
CabotCardell,@jmperpinya1 Juanmi por los que se ve no os va bien nada del gobierno pensad que el respeto es fundamental y vosotr‚Ä¶ https://t.co/RWQOeUWXyW,Palma,ES
JrobledoJavier,"@pablocasado_ mueve el culo y haz oposicion de verdad, hay que quitar a este gobierno ya. Dejate de mariconadas y m‚Ä¶ https://t.co/F2RnhPNSBw",Corbera de Llobregat,ES
yasmaribello,"La misi√≥n espiritual de los perros üê∂üêæ
Sabias que a ellos tambi√©n podemos calcular su misi√≥n de vida?
Puedes leerlo‚Ä¶ https://t.co/zJAZ1YprI4",Madrid,ES
El_Perchelero,El gobierno socialcomunista nos dice k saquemos nuestros ni√±os sin saber cu√°ntos contagiados hay en Espa√±a y si se‚Ä¶ https://t.co/qSPuikW2WK,M√°laga,ES
claudiaceacero,@jesus_manueel02 Pero claro el gobierno no tiene la culpaüòÇ,Baeza,ES
mellamanchapi,"¬øQue el gobierno tiene parte de culpa al no preveer que iba a pasar esto? Si, ¬øQue somos unos irresponsables,los pr‚Ä¶ https://t.co/nke8vPQi2v",Granada,ES
cachitopucela,"Luego echaremos la culpa al gobierno (Del que no son fan, y la tiene, y mucha), pero si para lo b√°sico hacemos lo q‚Ä¶ https://t.co/0cdTSlnoIh",Valladolid,ES
MiguelGarciaDo6,8.Exigiendo a toda nuestra clase Politica a TODA...que han sido elegidos para Servir al Pueblo ...que s nadie se le‚Ä¶ https://t.co/ePo7MOFSxB,Palma,ES
solaresplacasmf,@rakeld12341234 @Lauralagartija Un facha no tiene sentimientos,Vilassar de Mar,ES
EMmanuE83031381,No hace falta pulserita ni ser facha y si espa√±ol para lo que haga falta los temporeros ya no vienen.,Madrid,ES
Top_Fincas,"El Gobierno de Espa√±a ya hab√≠a publicado la üì≤ ‚ÄúGU√çA DE BUENAS PR√ÅCTICAS EN LAS SALIDAS
DE LA POBLACI√ìN INFANTIL DUR‚Ä¶ https://t.co/jwVeHQcSkw",Seville,ES
Francis82301745,Mientras esperamos podemos üï∫üé∂ en Moncloa esta en directo o igual esta el ni√±o all√≠ ü§£ü§£ü§£,M√°laga,ES
fandeNuriaFeliu,@Mbmbm3m @sito_1983 @sanidadgob @salvadorilla Y a√∫n defiendes a un gobierno inepto... as√≠ va este pa√≠s. Verg√ºenza.,Barcelona,ES
JOSEANGELROELR1,"S√±. Abascal , S√±. Pablo Casado, dadas las circunstancias de desm√°n de este r√©gimen, no ser√≠a mejor que se produzca‚Ä¶ https://t.co/yVhA7iwuMk",San Vicente del Palacio,ES
MiguelGarciaDo6,9.A un gobierno que ni lleva 100 d√≠as de gobierno con medias verdades ..con X calumnias ..Acusando a nuestro presid‚Ä¶ https://t.co/wgNCBD39Mq,Palma,ES
JaumedeMallorca,Luego podemos discutir lo de que tengan que salir dos ni√±os con uno de los padres √∫nicamente. En muchos casos es ca‚Ä¶ https://t.co/L9tSx7mriF,Palma,ES
mariliendre3,@PabloIglesias @SextaNocheTV Podemos üôã,M√°laga,ES
acpsicopedagoga,"No podemos permitirnos retroceder en el control de la pandemia, por favor, pido a las familias responsabilidad y se‚Ä¶ https://t.co/TmxW9P3Bku",Valencia,ES
A_MtnezIniesta,üö® Me parece totalmente deplorable que por parte del gobierno socialcomunista de @sanchezcastejon  dedique esta exce‚Ä¶ https://t.co/gWDp2MtTrU,Albacete,ES
carmen81533233,S√°nchez se carga el pacto con el PP a trav√©s de una brutal embestida en 'El Pa√≠s' contra Casado - Libertad Digital https://t.co/KwPo2SCpDJ,Vallromanes,ES
RimandoMoreno,"@RobertDeglane @jmdelalamo L gobierno sabe perfectamente lo que est√° provocando, son trileros de la pol√≠tica",Madrid,ES
Ceci264,La man√≠a de mis profesores de mandar mil cosas de la Universidad sin saber si los alumnos podemos hacerlo va bien no? üëè,La Uni√≥n,ES
AbafPrieto,Jesucristo era judio y de izquierdas y tu un puto facha,C√≥rdoba,ES
can_summeren27,"De los creadores de ""con otro gobierno estariamos igual o peor"" y ""todos los politicos son iguales"" llega ahora el‚Ä¶ https://t.co/Nu5DviCNzq",Colmenar Viejo,ES
aliciacorts1,"A ver repasemos...
Mueren miles de personas en Espa√±a
Insultan al gobierno por mala gesti√≥n
Dan a la gente la oport‚Ä¶ https://t.co/2TLqyMBpBo",Arroyo de la Luz,ES
rodillo3,@LiarlaPardo veamos quien es este infame @JesusCintora este vocero del gobierno como esta televisi√≥n @laSextaTV  as‚Ä¶ https://t.co/j4CHzXvlhW,Sevilla,ES
JesusRuiperez1,No te lo vamos a permitir¬ª. Javier Negre culpa al gobierno de la muerte de Jos√© Mar√≠a Calleja y provoca la indignac‚Ä¶ https://t.co/h4lxnBosyg,Salamanca,ES
BalladaresEnric,"IRRESPONSABLES.
Tenemos el gobierno que nos corresponde.",Taradell,ES
Vinnikun,"Y aplauso al Gobierno por permitirlo claro, no vaya a ser que se enfaden los equidistantes de los cojones",Barcelona,ES
santi05058,@RosaMariaPaya @CarmenEGonzale2 Algo q decir de esto?Pablo Iglesias yAlberto Garz√≥n,Castell√≥n de la Plana,ES
PacoParraMartn1,@PabloIglesias ya que su partido es tan generoso a ver si se le ocurre proponer en el Congreso que todo los pol√≠tic‚Ä¶ https://t.co/UKggse9oKX,√âcija,ES
Katxuki75,@RubenSanchezTW Claro los fachas no cumplen las normas y los rojos si? Ole su cara.,Ames,ES
LeandrDelMoral,Greenpeace avisa a Pablo Casado de un evidente descuido en esta foto y bate r√©cords de compartidos https://t.co/l7128X2mUr,Sevilla,ES
carmen81533233,@telecincoes As√≠ cuidan de sus hijos  haber que dice avascal y pp,Vallromanes,ES
ElChefPeroncho,@romancedawn097 @InfinitoAsombro Si lo queres comprar para atesorar o viajar el gobierno recarga un 30% .. el de 68‚Ä¶ https://t.co/e99tYLKrlU,Gonz√°lez Cat√°n,AR
erjuabito,#subnormales Y ya sab√©is porque el gobierno no queria permitir los peseos. Panda de gilipollas.,Sevilla,ES
MiguelGarciaDo6,11.Este se√±or se llama Aznar ...y los lideres de VOX  en uni√≥n muy estrecha con gran parte de la Jerarquia.catolica‚Ä¶ https://t.co/a0kJlWIjLs,Palma,ES
CarlosL13101256,"@RubenSanchezTW Ven a Pablo Iglesias y del Odio que sueltan, se ponen ciegos ni ven que lleva guantes, luego a deci‚Ä¶ https://t.co/JNu05XPXxA",Zamora,ES
gmdeaguilera,"@DePenafort Ya, pero mostrar la realidad tr√°gica ...es de fachas",Albacete,ES
angeeles013,El PP critica el ¬´caos de desgobierno¬ª de S√°nchez: ¬´En lugar de mascarillas trae un CIS que nadie ped√≠a¬ª: https://t.co/QA4htN8VKI,Palma,ES
Eloy99_bmx,"@WeekendInBalow Iglesias ""llorando"" cuando ascendi√≥ al poder no daba pena, daba miedo. 
JAJAJAAJAJAJAJAJJAJA",Vilagarc√≠a de Arousa,ES
gastronfo,"Facebook me ha quitado por su cuenta la foto de ""Quedate en casa"" porque era ""temporal"". Se viene comunicado de Vox en breve. #SPOILERS",Sagunto,ES
eriikamartiinez,"a lo mejor deber√≠amos dejar la cacerolada en contra del gobierno y empezar a hacerla en contra de los padres irresponsables, de nada.",Elche,ES
treki23,@javilosana Y cuando el gobierno se deje de idioteces de fijar precios maximos,Alcorc√≥n,ES
mariaruizvega1,@EssureE @JuanMa_Moreno MUY BIEN..PERO QUE LES DE EL DINERO QUE LES DEBE ESTE GOBIERNO ASESINO SOCIALCOMUNISTA A LA‚Ä¶ https://t.co/Mxz0qcEoAV,Granada,ES
Hkto_Khan,"Ahora entiendo que el gobierno quisiera que los ni√±os comenzar√°n a salir al s√∫per o a la farmacia, yo ya lo dije, t‚Ä¶ https://t.co/O38LtE8MTM",Valladolid,ES
Beatriz_sgc,@Solobuhiitta @Elbuhoindomable Yo es que ya no entiendo nada. Porque de momento nadie del gobierno se pronuncia por lo q est√° pasando hoy.,Madrid,ES
gmdeaguilera,"@86Monik37 El gobierno pinta una situaci√≥n irreal, al gobierno no ha dado suficiente informaci√≥n de la realidad (uc‚Ä¶ https://t.co/hkXk5iH2hj",Albacete,ES
barlondres,CARLOS CUESTA: Iglesias exigi√≥ a S√°nchez aumentar el control de la prens... https://t.co/ddrhy2hm8u v√≠a @YouTube #GobiernoDimisionYa,Pamplona,ES
Cesaltinade,"@rosadiezglez La envidia te corroe, ni en Vox te quieren.",Barcelona,ES
NuriaCPou,"@Santi_ABASCAL T√∫ alucinas, t√≠o mierda.
Ni mi vecino el facha ha salido.",Candeleda,ES
MABBSOLLER,"En Baleares dar el a√±o por perdido significa la ruina para la mitad de la poblaci√≥n, se√±or Casado ayudenos abriendo‚Ä¶ https://t.co/g66FwaL5Ph",S√≥ller,ES
BEAMPOLO,#SanchezSalDeLaMoncloa dimite tu y tu gobierno y deja que gente mas preparada tome el rumbo del pais.,Yecla,ES
elenamar98,@Antonio_arv @rubenrsh99 @isidro1000 Me da a mi que lo de los ni√±os no ha sido culpa del gobierno,Carri√≥n de Calatrava,ES
AbrahamBiologia,"Incluso la izquierda en #Andaluc√≠a pese a rebuscar ataques a la @AndaluciaJunta y personalmente a @JuanMa_Moreno, n‚Ä¶ https://t.co/p7nwWiXzSm",Priego de C√≥rdoba,ES
lolagil20,"Pero tu crees que los espa√±oles, somos idiotas, yo viv√≠ el robo, que hizo el PP de todo, donde est√° su amigo Ignaci‚Ä¶ https://t.co/g2aYoYwL8F",Salamanca,ES
gmdeaguilera,"@dondelaH No s√©...y si el gobierno transmite una situaci√≥n irreal? La prohibici√≥n de ense√±ar la realidad (UCIS, fer‚Ä¶ https://t.co/uhnDPw1doN",Albacete,ES
Ignacio55422161,"Castilla Le√≥n, tambi√©n despide a los sanitarios, donde manda PP continuan destrozando Espa√±a https://t.co/Yiuev5VmjM",Zaragoza,ES
Moonworldwide1,"Esto es lo que quiere el gobierno descargar responsabilidades. No somos conscientes, nos tenian que ense√±ar las UCIs",Paracuellos de Jarama,ES
Ignacio55422161,La rabia de un sindicalista de UGT en Alcal√° de Guada√≠ra hacia¬†el ¬´asesino¬ª Casado con 'likes' de un concejal socia‚Ä¶ https://t.co/1N2y7wRtze,Zaragoza,ES
Manueljuradoc,Venga ahora todas las parejitas de reci√©n casados a buscar ni√±os que con la gesti√≥n del gobierno igual os sale a cu‚Ä¶ https://t.co/ZFIIDu8fBB,Coria del R√≠o,ES
PoromEmilio,"@Stelladeeli @carmenporter_ @Aitor_Redwood_b @abc_es @mileniolive Gobierno de Madrid!

Una locura muy triste!",Vilagarc√≠a de Arousa,ES
Robcampnou67,Alemania advierte a sus ciudadanos que no podr√°n ir a Espa√±a de vacaciones https://t.co/BIa29Kw3qL,Valladolid,ES
Uniteva,@riverakiko vota a Vox y ahora vive de ayudas... Vete a recoger fresas so vago.,Palma,ES
GenesisMarchena,Podemos estar de acuerdo o no c√≥mo se est√° gestionando todo esto en Espa√±a. Pero lo que est√° claro es que sino cola‚Ä¶ https://t.co/g4W4NzD7IB,San Agust√≠n del Guadalix,ES
reinfeld183,@alvarobarrioss Pedro sanchez escribi√≥ el gui√≥n de El padrino III,Madrid,ES
Herrero1946Jose,Una concejala de Vox de Sant Joan d`Alalcant se salta las normas el primer d√≠a de paseo con sus hijos https://t.co/vuuw5x67oS,Talavera de la Reina,ES
Ignacio55422161,Iglesias responde a Maroto: 'Esta crisis representa el drama de la privatizaci√≥n y la presencia de fondos buitre en‚Ä¶ https://t.co/Db1Uxz9AxR,Zaragoza,ES
aitanasanzera8,@Chica05_ Por eso los contagios nunca terminar√°n y la culpa ser√° del gobierno y como dicen los de la historia del M‚Ä¶ https://t.co/xMOnAv10N8,Caba√±as de la Sagra,ES
Herrero1946Jose,Una concejala de Vox de Sant Joan d`Alalcant se salta las normas el primer d√≠a de paseo con sus hijos https://t.co/vuuw5x67oS,Talavera de la Reina,ES
hhuedoquotes,"Esto me recuerda a cuando gana el PP las elecciones, todo el mundo se lleva las manos a cabeza y nadie ha sido. ü§î",Sant Josep de sa Talaia,ES
MiguelGarciaDo6,"14 Todo el Pueblo ..el Parlamento en su momento debemos exigir explicaciones ..ecifecua,y cuantas responsabilidades‚Ä¶ https://t.co/LBwiKs3vQs",Palma,ES
PoromEmilio,@militamadrid @abc_es Tu te  lejos del gobierno al PP que ya veras como sobra dinero...,Vilagarc√≠a de Arousa,ES
AzoteCasta,"Cacho perros, gobierno del infierno, vais a dejar Espa√±a como un rastrojo

NO LO PODEMOS TOLERAR. REBELI√ìN TOTAL‚Ä¶ https://t.co/YfwVDGwfWc",Alcal√° de Henares,ES
RaulGuzzoConteG,"#LiarlaPardo81
Ante el desastre de la pandemia el ppartido corruppto la enrostra al Gobierno (Sector P√∫blico)Pero s‚Ä¶ https://t.co/Cd7sWkl3n2",Las Rozas de Madrid,ES
ce67cigarcia,"Papa Gobierno ha avisado. Un padre maximo, creo, tres ni√±os, guardando la distancia de seguridad por el bien de ell‚Ä¶ https://t.co/CG2Fe4GRoS",Madrid,ES
gmdeaguilera,"@Dr_Luis Han logrado el gobierno y las tv trivializar la situaci√≥n. Como si la enfermedad fuera de otros, la muerte‚Ä¶ https://t.co/oGe4TI8afd",Albacete,ES
babylxnch,"Nosotros: El 2 de mayo salimos a correr, podemos pasear.. 

Pedro S√°nchez al ver que casi nadie respeta las normas‚Ä¶ https://t.co/7iYolJ9yKD",La Torre de Esteban Hambr√°n,ES
AlvaroBurrell,Ya podemos ir a Misa? Igual era solo para menores???,Monz√≥n,ES
cagolahostia,"@PhilJordi Casado sin tener cargo alguno, acudiendo a visitas a sitios oficiales",Vilanova i la Geltr√∫,ES
mxrtibx,"Con las indicaciones. Y esto que es un secreto a voces no os pens√©is que el Gobierno no tiene en cuenta.
Claro que‚Ä¶ https://t.co/eEWXHcQDjV",Bujaraloz,ES
MiguelGarciaDo6,"15.Y de manera muy especial el populismo de VOX  para implantar el https://t.co/EfIirYkYla la,Juventus actual si la‚Ä¶ https://t.co/VYse8tntkq",Palma,ES
YsabellaFF,El gobierno es una mierda una gente va a la par.,Torrent,ES
divermates,¬øQui√©n no ha escuchado que la espiral √°urea la podemos encontrar en la forma d la concha del nautilus?¬øQu√© nos dir√≠‚Ä¶ https://t.co/h9q6jycRmX,Madrid,ES
Jennifeer_N,@MarcosRatchet La gente tambi√©n se pasa las medidas por el ojete no solo depende del gobierno si no de que la gente‚Ä¶ https://t.co/XqQjVuLWTl,Valencia,ES
diegojim98,La culpa es del gobierno por intentar que los ni√±os se despejen un poco de estar tantos dias encerraos o de los pad‚Ä¶ https://t.co/fv3naQZaaU,Turre,ES
Rodrigoasalina,Sab√©is porque la iglesia no quiere q el gobierno le d√© a los m√°s necesitados una renta m√≠nima? Pues est√° muy clarit‚Ä¶ https://t.co/RaCd8ms0Ke,El Coronil,ES
LuisGarciaAlv15,@Kemasda23 @quilla_mari Como es posible que este gobierno permita este desfile ¬øCual es el motivo? ¬øCon qu√© fin lo permiten?¬øPor qu√© raz√≥n?,Torres de la Alameda,ES
cagolahostia,"@xikofobo El que esta en la cola, es alguno que apenas lleha a final de mes y encima vota al PP y luego a las 8 apl‚Ä¶ https://t.co/3odfwWFJ3e",Vilanova i la Geltr√∫,ES
Anamonaster,"@namasqueyomaria Me acaban de mandar un video de Sevilla y parece el metro en hora punta, despu√©s la culpa la tendr√° el gobierno",Almonaster la Real,ES
javicascabel,@danirodriguezfs El bajito de la derecha jugaba a otra cosa mister....para mi el mejor futbolista de la historia...,Arganda del Rey,ES
VIKYKA30,"@Danisfc0307 Una torta le pegaba a cada uno,luego dir√°n que la culpa es del gobierno en esto,si somos una panda de borregos!!!",Alcal√° de Guada√≠ra,ES
JorgeOsmaC,@David_SanchezB Si pretendes insinuar que el Gobierno se r√≠e de la situaci√≥n mientras que la oposici√≥n es a la √∫nic‚Ä¶ https://t.co/S2o2AppL7R,Madrid,ES
mxrtibx,"No s√© si nos hemos vuelto locos, no s√© si el gobierno est√° creando una falsa moralidad en todos nosotros, o es que‚Ä¶ https://t.co/HelO9m3VZ0",Bujaraloz,ES
pikeba7,"‚ÄúEs que nos dicen que podemos sacar bicicletas y balones‚Äù, ‚Äúes que coincide con domingo y encima soleado‚Äù, ‚Äúes que‚Ä¶ https://t.co/uu2ywFYkAd",San Sebasti√°n de los Reyes,ES
PilarAlandalus,@SextaNocheTV Usted s√≠ que no respeta a nadie.  Solo ataca al gobierno leg√≠timo de una manera insana y con un odio sin precedentes.,Alcorc√≥n,ES
Pedrosanchezz63,@hermanntertsch Abascal payasete pr√≥xima legislatura PSOE mayor√≠a absoluta,Manacor,ES
frescoyseco,Gobierno dominguero.,Madrid,ES
Juan_VG11,Espero que el gobierno cancele lo del 2 de Mayo de salir a hacer deporte visto lo de hoy....,M√°laga,ES
RosaTristan,Islandia anima a sus ciudadanos a abrazar √°rboles para superar el aislamiento social.  Eso necesitaremos: ba√±os de‚Ä¶ https://t.co/dFI75PxXr1,Madrid,ES
ftl1ftl2,@argente_pilar @Ignacio55422161 @GVAsanitat Xq ser√° q NO Me Lo CREO. La derecha extrema quiere cacerolas para todo y desinforma.,Legan√©s,ES
Montseyugo,"@LiarlaPardo Si el gobierno decreta el estado de alerta antes del
8M ni la manifestaci√≥n ni el mitin de Vox ni su p‚Ä¶ https://t.co/ytxEAY1o71",Getafe,ES
ManueldeFranci4,"@nofilecat @isama1958 @QuimTorraiPla El gobierno ha sido votado por los ciudadanos.
El gobierno es un reflejo de lo‚Ä¶ https://t.co/1l9vuPJJAB",Barcelona,ES
Almadei_,Creo que el gobierno de este pa√≠s acaba de entender por qu√© Amadeo I se pir√≥ de vuelta a Italia,Vigo,ES
mariteremoto,"@GDGC240977 @PSOE Hoy en mi barrio, despu√©s del fracaso de ayer , los cuatro fachas no han salido.",Alcal√° de Henares,ES
jmfp1969,(V√çDEO): Casado recita en la cara de S√°nchez los titulares de la prensa internacional que demuestran la incompetenc‚Ä¶ https://t.co/u90z5E9dUl,Valladolid,ES
47ce69c62c8d453,"@cliptoni @claratahoces @navedelmisterio Es logico ver extraterrestre y votar a VOX. Lo normal,y la izquierda sin v‚Ä¶ https://t.co/rHtFWk2rz6",Madrid,ES
TheRealFucking8,"Venga, a ver cuanto tardan en echarle mierda al Gobierno los padres de calibre #irresponsable cuando les pongan mul‚Ä¶ https://t.co/TUt50T7qQ0",Laguna de Duero,ES
ManueldeFranci4,@Enric_GF2 @QuimTorraiPla @PSOE @socialistes_cat @PODEMOS @EnComu_Podem Tenemos un gobierno reflejo de sus votantes‚Ä¶ https://t.co/1Q5wdf4Rjm,Barcelona,ES
cronicasbrbaras,Que yo recuerde esta es la primera vez que un vicepresidente del gobierno desprecia y acusa de ¬øprevaricaci√≥n? a un‚Ä¶ https://t.co/XuWC0wzRKK,Pozuelo de Alarc√≥n,ES
nuquica,"@_InakiLopez_ El gobierno sigue sin hacer ni futo caso:
- mascarillas Obligatorias para salir a la calle
- distanci‚Ä¶ https://t.co/Gqvh41KXVZ",Zaragoza,ES
KurtBravo,"En estos 43 d√≠as de encierro, ¬øhab√©is ‚Äúincumplido‚Äù el encierro impuesto por el Gobierno para ver a alg√∫n ser querid‚Ä¶ https://t.co/Tw7H3b2ARi",Madrid,ES
natisanjuan,"@JuanfraEscudero Flipo, ahora la culpa de los #subnormales que salieron hoy tambi√©n es el gobierno . Es que sois para morir de risa !! ü§£ü§£",Barcelona,ES
Pasion_SFC_,"""La fase de entrenamientos individuales fuera de casa la podr√°n hacer los ciudadanos dentro de poco. Eso nos da una‚Ä¶ https://t.co/0QsLwA0eEx",Sanl√∫car de Barrameda,ES
ainarodriguezn,Yo creo q el gobierno lo ha regulado y ha puesto unas normas muy claras y l√≥gicas. Igual es culpa del q la incumple‚Ä¶ https://t.co/OQX9XNUu6v,Palma,ES
briones_ney,"OPINI√ìN | La extrema derecha y el paradigma Iker Jim√©nez, por Antonio Maestre @AntonioMaestre  https://t.co/dSMZ380Y6F v√≠a @eldiarioes",Sabadell,ES
mariaortiz1_,"La culoa de que no hag√°is ni puto caso a lo dicho por el gobierno la tiene el gobierno, claro que s√≠",San Mart√≠n de Valdeiglesias,ES
mariaortiz1_,"La culpa de que no hag√°is ni puto caso a lo dicho por el gobierno la tiene el gobierno, claro que s√≠",San Mart√≠n de Valdeiglesias,ES
excometals,(V√çDEO): Casado recita en la cara de S√°nchez los titulares de la prensa internacional que demuestran la incompetenc‚Ä¶ https://t.co/oeTocvDIUn,Alcorc√≥n,ES
mandarinaroja04,"@estherpalomera Los asesores de imagen de los pol√≠ticos de PP,,son unos fenomenos ,la cagaron con la foto de Casado y ahora esto,pateticos",La Puebla de Alfind√©n,ES
RimandoMoreno,@PedroInsua1 @ManuelGarcaVil4 @elespanolcom ‚Äúel gobierno nos quiere encerrados‚Äù para seguir impunemente gobernando‚Ä¶ https://t.co/FwlBjxP9p0,Madrid,ES
ppacocyl,Esto es lo que @alferma1 ha pedido hoy a S√°nchez en la reuni√≥n mantenida entre presidentes de CC.AA. y Gobierno üëáüèª,Segovia,ES
Retamar95,"@luisferbaena Yo no he dicho q eso sea culpa del gobierno en ning√∫n momento, al rev√©s, he aludido a que hay gente i‚Ä¶ https://t.co/9IOA0oVDoc",Zafra,ES
LanyMayan,"@lavozdegalicia Mira que critique al gobierno por tantas muertes y contagios, pero echar la culpa de esto es de sin‚Ä¶ https://t.co/Od4jXNBC1R",Mar√≠n,ES
Rxbykk,"""Lo siento no podemos jugar el partido de hoy de EAS la victoria es nuestra ""

Yo entrando de nuevo al minecraft:",Huelva,ES
Markostris,Una vez m√°s me reafirmo en que hay un sector de la poblaci√≥n espa√±ola que se piensa que el gobierno nos ha tenido m‚Ä¶ https://t.co/1ulaZ61cWk,Alcorc√≥n,ES
FelixFuenla,"El Gobierno pone unas medidas 'responsables', yo me las salto y encima luego saco mi cacerola...
La culpa siempre es de otro.",Fuenlabrada,ES
Paaula_martin_,"A las ocho sal√≠s a aplaudir,a hacer cazeroladas contra el gobierno y a echarles la culpa de vuestra irresponsabilid‚Ä¶ https://t.co/li4bDKioZi",Escalona,ES
Y0_OpinoQue____,Y luego est√°n culpando al gobierno a #PedroSanchez que adimicion y van y salen a la calle como ovejas sin pastor y‚Ä¶ https://t.co/dhtZP5TtAw,Castelldefels,ES
Mar56474029,Gracias. Muchas gracias por no aplaudir.  Que se de cuenta el gobierno de que no somos tontos como piensan. https://t.co/xbIJ8VvC0v,Lleida,ES
aavvpajaritos,"Y gracias a Ver√≥nica @vrony podemos escuchar todo el concierto de @norbertosaxofon 
üîùüîùüîù",Soria,ES
latrincheraTEA,"@LibDemCyL Yo ya me he quedado sin muchas cosas. Entre ellas, sin mi felicidad. Y creo que ya hay motivos para que est√© gobierno lo pague.",Pontevedra,ES
misxmuertos,"Os juro que se me han saltado las l√°grimas cuando han dicho que el 2 podemos hacer deporte en la calle, por favor n‚Ä¶ https://t.co/8FRFPEix8O",Camas,ES
dariociamanzoni,@microbians Que podemos esperar de una sociedad educada en donde es moda ser el m√°s listo y no el que tiene mas sen‚Ä¶ https://t.co/a8Jd2gWQbW,Alicante,ES
LyNDeK,Estamos rodeados de Politicos sinverg√ºenzas...tanto de izquierda como de la derecha.https://t.co/XQosPGNpmi,Churriana de la Vega,ES
keyceci,@PilarCasaresG @PabloZMolina1 @alfonso_ussia Tal vez ser√° necesario un gobierno m√°s amplio sin nacionalismos para t‚Ä¶ https://t.co/AL3bCrCnmv,Barcelona,ES
marcopomapesca,¬øLas caceroladas son contra el gobierno o contra los padres?,Madrid,ES
tremolera,"Y ahora han jodido tambi√©n lo de los aplausos con las putas cacerolas, es que no puedo con la derecha de este maldito pa√≠s.",Albacete,ES
Tino10932320,"@AntonioMaestre 30.000 muertos Anto√±ito , Econom√≠a destrozada por tu Gobierno de incompetentes!!Mascarillas, respir‚Ä¶ https://t.co/qCet5HDXNq",Madrid,ES
inmaort,"Todas juntas podemos
#CanYamanTheGreatSoul",Sevilla,ES
SSnakeFHL,"Las familias son complicadas y muchas veces nacemos en unas que realmente no merecemos, pero podemos aprender y ser‚Ä¶ https://t.co/Y4uM1U7KUj",Valencia,ES
lk2_89,"Que pesadez con echarle las culpas al gobierno de todo, cansin@s!!!",Utrera,ES
josevelascofdez,@juanLR_r @patrimbm @mujer_alienada A ver q lo han pedido muchos pol√≠ticos q lo ha pedido casado y presidentes auto‚Ä¶ https://t.co/7Ofpn0Sbqq,Granada,ES
sheledeejay,@Franci_1907 Pero seguro que habr√° alguien que echen culpa al gobierno pero bueno a ver que pasa estos d√≠as,Lucena,ES
JuanDiego_77,"@_anapastor_ Abrir todo ya, dejemos a este gobierno de paja",Vila-seca,ES
frescoyseco,"@SerranoIsmael Adem√°s, que yo sepa, este gobierno ha llegado al poder porque muchos han votado a esos que dices. ¬øI‚Ä¶ https://t.co/bnK2R0pPUQ",Madrid,ES
Samhain_Pumpkin,@KingLuisXXXV Creo que eran contra el gobierno,C√°ceres,ES
carlosrie,@GirautaOficial El Joker del gobierno https://t.co/DGGRKatsQh,Alcobendas,ES
juanjopereira88,"Y digo yo, ¬øQu√© culpa tiene el Gobierno ante la gilipollez humana? ü§∑üèª‚Äç‚ôÇÔ∏è",Barcelona,ES
emiesquiviashot,@ArrateRodrigo @IdiazAyuso @AlmeidaPP_ Gunto  nuestro Presidente casado muy grande casado gracias por todo tambi√©n,Pinto,ES
Antotriana97,Santiago Abascal est√° enfermo,Sevilla,ES
victorfeeru,q rabia la gente q dice q es culpa de la izquierda mientras apoyan a una familia de rastreros llamados ‚ÄúBorbones‚Äù,Reus,ES
eduardorojasrod,"Dicen que la politica es un reflejo de la sociedad....

....pues eso. 

Tenemos los pol√≠ticos que nos merecemos. Ta‚Ä¶ https://t.co/lfvcEzomkY",Eivissa,ES
Vanestyle1402,@DavidBG30 @gutierrezma631 @elmundoes Estoy de acuerdo contigo! El gobierno deber√≠a mostrar seriedad y respeto a ta‚Ä¶ https://t.co/EWOSSYZEOx,Madrid,ES
miriam_mrtinez,JAJJAJAJA JAJJAJJA Enserio irse a tomar porculo con tanta tonter√≠a.  Como el gobierno permita esto ya me demuestran‚Ä¶ https://t.co/8lPdDPm1jB,Jerez de la Frontera,ES
andrea_asensiio,y ahora podemos salir a aplaudir por lo bien que hacemos todo üëèüèºüëèüèº,Cuenca,ES
Fermirv,Una concejala de Vox se salta las normas el primer d√≠a de paseo con sus hijos via @El_Plural https://t.co/dqYhb3rT8S,Sabadell,ES
MiguelGarciaDo6,1.Resulta curioso observar perplejo como el PP del sr Aznar y VOX  ...nadie abre la boca sobre el Sr.Trump presiden‚Ä¶ https://t.co/Bs6APmkS4h,Palma,ES
aythornachuelos,"üìà Parte oficial del Gobierno andaluz sobre #COVID„Éº19
‚õëÔ∏è Son 13.023 los casos positivos de #coronavirus en‚Ä¶ https://t.co/GMJVoNmJts",Hornachuelos,ES
Luizao691,"@eldiarioes Acabada ella.
Deber√≠a pensar en lo que se le viene encima y no en otra cosa.
La corrupci√≥n en el PP mad‚Ä¶ https://t.co/zwueObSItV",Talavera de la Reina,ES
jorgeibarramore,"@GNBoficial @vladimirpadrino @EJERCITOB , q t√≠tulo le podemos ofrecer a esta historia? . https://t.co/0xwD4skTk4",Cunit,ES
diego_radames,"üì∏#Instagram ‚û°Ô∏è Desconfinamiento infantil üá™üá¶ - El gobierno espa√±ol inicia el camino hacia la ""nueva normalidad"". Los‚Ä¶ https://t.co/mdAvxqG6ko",Madrid,ES
celsroa,@NIJEDINISITH1 @JaimeVelasco01 Porque era mejor decirle al PSOE que eran unos exagerados y unos alarmistas. Fecha 4‚Ä¶ https://t.co/zpdLMZRnHW,Valencia,ES
MiguelGarciaDo6,https://t.co/gOzGdiEWMK sabe bien Ideologia politica de este se√±or y las amenazas econ√≥micas contra Espa√±a se ha o√≠‚Ä¶ https://t.co/zWl0WmapU6,Palma,ES
jacquiperezla,#paisdepandereta una cazuela entre miles de aplausos el reventado facha que ten√≠a que darle verg√ºenza apoyar a un p‚Ä¶ https://t.co/RWMyZxaBp0,Valladolid,ES
BufiOjosAzules,@barbaraalbrich @MarleneDiafano Y nos estra√±amos del gobierno que tenemos? Con estos votantes?,Valladolid,ES
goku_junior,@adrysnow JAJAJA! Que ascazo! Facha y salido üòÇüòÇüòÇ,San Javier,ES
jbentabol,Esto es nas importante q perder el tiempo oyendo mentiras y desvar√≠os del Dr Tramoas Sanchez cum fraude,Sevilla,ES
bertaserrano2,Que el gobierno os regale el beneficio de poder salir a la calle mientras el resto de espa√±a lleva encerada un mes‚Ä¶ https://t.co/OWEYoxwgYH,Gelves,ES
ariasgomez57,Yo es que tengo una linea imaginaria entre PP Y VOX que no los puedo meter en el mismo saco. ü§∑üèΩ‚Äç‚ôÇÔ∏è,Madrid,ES
FENICIA49,@RZ001_ @doctorgaona Si lo sabian y creo q a este gobierno le intera no quitar el estado de alarmaya q asi no tenem‚Ä¶ https://t.co/iZ7Dwcjdxx,Alicante,ES
PilarAlandalus,@ridermarina La cacerolada se le va a volver como un boomeran Sr Abascal porque la provocaci√≥n y el odio termina dando a uno mismo.,Alcorc√≥n,ES
PensadorAdelant,"@chuchicharra Bueno, gobierno de meses no. El Sr. S√°nchez lleva en el gobierno desde el 2018. Hubo comunidades que‚Ä¶ https://t.co/RuNQBtKu1O",Majadahonda,ES
JuanCarlosMu83,"@ruimardi Cuando te manden a un ERTE, dile a Iglesias que te haga la compra. Eso s√≠, suele hacerla sin mascarilla ni guantes...",Cabra,ES
BarrCallejas,@jpedrerol luego la culpa ser√° del gobierno,C√≥rdoba,ES
PabloLoRuiz97,"@Pajares10 No es as√≠, amigo. Los ni√±os deben salir b√°sicamente para no ahogarse en casa, las normas del gobierno so‚Ä¶ https://t.co/A61vrwcx4R",Lorca,ES
carlosrie,@mce_juls El Joker del gobierno https://t.co/yKkCp1c6jV,Alcobendas,ES
chiripitiflsut2,#SanchezeIglesiasdimision Hoy en mi barrio gran cacerolada Con aplausos S√°nchez Iglesias Fuera a Venezuela,Salamanca,ES
FSANCHEZ12ATICO,Se tienen que producir sanciones importantes si la gente no respeta las normas que marca el gobierno en las salidas‚Ä¶ https://t.co/aURPUYBCcz,El Vendrell,ES
emiesquiviashot,@MiguelMarfil2 @JavierGimenoP MUY bien hablado y yo creo que al gobierno no le interesa nada usted se empiezan a tr‚Ä¶ https://t.co/XyE77uhwQK,Pinto,ES
Miguel_RG4,Habeis aplaudido ya a vuestro gobierno o est√°is todav√≠a por ah√≠?,Santa Olalla del Cala,ES
Ignacio55422161,"Susana D√≠az afirma que el Gobierno ""ha sido un ejemplo con las comunidades aut√≥nomas"" https://t.co/5j4XsE6sF1 v√≠a @europapress",Zaragoza,ES
AngeelCobos,"Bueno despu√©s del d√≠a de hoy , podemos confirmar que somos SUBNORMALES.",M√°laga,ES
MANUELLOPEZLAR2,"@ldpsincomplejos Yo comparto el 90 por ciento de lo que dec√≠s todos los d√≠as, de S√°nchez e Iglesias alergia de la g‚Ä¶ https://t.co/lMvgnNF9YF",Rivas-Vaciamadrid,ES
Ignacio55422161,"√âvole y laSexta movilizan a Baltasar Garz√≥n: apoya a S√°nchez, ataca a PP o Vox y defiende la censura - Periodista D‚Ä¶ https://t.co/OLFdUJLjII",Zaragoza,ES
martka26,"@Mariejunkie No est√° lejos, pero no podemos hacer videollamada, no sabe (son 86 a√±os) , as√≠ que mucho tel√©fono...",Zarat√°n,ES
RCLARES3,"Espero que decir lo que piensa,no le acarree una sanci√≥n de Marlaska
Y este Gobierno del miedo 
#NoNosCallaran
 Nad‚Ä¶ https://t.co/Mocr52jaG1",Barcelona,ES
ineednuts,@_alessj_ @AlvaroGonza95 @angelg5678 @pac4884 @leslieyyyy @PedroMLozano ¬øQue ha hecho el Gobierno para ganarse a la‚Ä¶ https://t.co/iJQDfRIfOA,Villarreal,ES
MiguelGarciaDo6,1.Con absoluta serenidad y cuando proceda el Pueblo de Madrid ..la CCAA de Madrid sus ciudadanos deber√°n preguntars‚Ä¶ https://t.co/LFBRP4j6q6,Palma,ES
crispy7612,@raulyuste Del gobierno y de la polic√≠a si los multan y que si solo recaudan bla bla bla... no entiendo nada!!,Alcorc√≥n,ES
iPakino89,@Lanzarote6 @IdiazAyuso Y sabemos quienes son. Sanchez e Iglesias jajajs,Badajoz,ES
ArchillaP,@jos_gmez Montero en los pa√≠ses de habla hispana.,Coslada,ES
DDPNacho,"@pepeblai S√≠ndrome de Estocolmo, para el confinado; o de Munchausen, para el gobierno maltratador.",Madrid,ES
bootomlinson19,"Como por ejemplo, si se dice desde el gobierno que el ni√±o solo puede salir con un acompa√±ante, ¬øa santo de que os‚Ä¶ https://t.co/LxLKx1mpm6",Barcelona,ES
ErtoSiller,Seguro que son los que para votar no salen de casa (domingueros),Silla,ES
alvarez_tila,"@eduardoinda Si ya me di cuenta, el de la chaqueta Blanca lo estaba https://t.co/8Uf86zoykH que Iglesias est√° por encima de todo.",Quart de Poblet,ES
BarrCallejas,@Lacarreter @Alorenzo1957 @elconfidencial es un facha cuando estaba en la tertulia de Tve hablaba de Rajoy como el primer ministro,C√≥rdoba,ES
manolinelreal,Una concejala de Vox de Sant Joan d`Alalcant se salta las normas el primer d√≠a de paseo con sus hijos https://t.co/hg9nLXyixk,Madrid,ES
benvedra,"Pregunta de @Nurival y @sanchezcastejon responde:
""Cuando nos interesa somos gobierno y, cuando no, pol√≠ticos base.‚Ä¶ https://t.co/G7PWWVqdEn",Madrid,ES
PanPanizo,"@guardiacivil El matriarcado no podemos con esas pavas y pavos de la escala social,  yo no les soporto m√°s 
Se haga‚Ä¶ https://t.co/UgRPO9X7cu",Le√≥n,ES
PanPanizo,"@policia El matriarcado no podemos con esas pavas y pavos de la escala social,  yo no les soporto m√°s 
Se haga carg‚Ä¶ https://t.co/i5SSiSYcLk",Le√≥n,ES
PanPanizo,"@mossos El matriarcado no podemos con esas pavas y pavos de la escala social,  yo no les soporto m√°s 
Se haga cargo‚Ä¶ https://t.co/6Be07hgnoW",Le√≥n,ES
PanPanizo,"@jusapol El matriarcado no podemos con esas pavas y pavos de la escala social,  yo no les soporto m√°s 
Se haga carg‚Ä¶ https://t.co/wMdQ5gFF4s",Le√≥n,ES
GASPARVILLANUE1,"@pablocasado_ Pablo Casado pero como te dejas tomar el pelo de Pedro Sanchez,y te pasa como a Manuel Fraga(Q.E.D.)‚Ä¶ https://t.co/lAFXOyOxMe",Barcelona,ES
PanPanizo,"@Lalegion_es El matriarcado no podemos con esas pavas y pavos de la escala social,  yo no les soporto m√°s 
Se haga‚Ä¶ https://t.co/ZPorFdFuWf",Le√≥n,ES
Valdemorodigita,https://t.co/Hds4Nv4MvU #Valdemoro üî∏Izquierda Unida exige que el gobierno municipal de Valdemoro rectifique en su d‚Ä¶ https://t.co/wLIGxjT7sK,Valdemoro,ES
PanPanizo,"@ARPolicias El matriarcado no podemos con esas pavas y pavos de la escala social,  yo no les soporto m√°s 
Se haga c‚Ä¶ https://t.co/F84tXZQg1t",Le√≥n,ES
PanPanizo,"@CPU_Police El matriarcado no podemos con esas pavas y pavos de la escala social,  yo no les soporto m√°s 
Se haga c‚Ä¶ https://t.co/3l6T0kZt80",Le√≥n,ES
abecarub,"@RuquiEs @lolasegurado As√≠ es¬°!! El gobierno ha pecado de confiar en los padres y todos,por desgracia,no han cumpli‚Ä¶ https://t.co/HjOIEwM9ln",Ja√©n,ES
PanPanizo,"@AUGC_Comunica El matriarcado no podemos con esas pavas y pavos de la escala social,  yo no les soporto m√°s 
Se hag‚Ä¶ https://t.co/o9fa7AZH8R",Le√≥n,ES
Ignacio55422161,Este ser√≠a GB de Casado,Zaragoza,ES
PanPanizo,"@UMEgob El matriarcado no podemos con esas pavas y pavos de la escala social,  yo no les soporto m√°s 
Se haga cargo‚Ä¶ https://t.co/MBDixyThPn",Le√≥n,ES
PanPanizo,"@ufpol El matriarcado no podemos con esas pavas y pavos de la escala social,  yo no les soporto m√°s 
Se haga cargo‚Ä¶ https://t.co/fn1SkLQWSM",Le√≥n,ES
PanPanizo,"@UnionGC El matriarcado no podemos con esas pavas y pavos de la escala social,  yo no les soporto m√°s 
Se haga carg‚Ä¶ https://t.co/TKndBe06a0",Le√≥n,ES
PanPanizo,"@UnionOficiales El matriarcado no podemos con esas pavas y pavos de la escala social,  yo no les soporto m√°s 
Se ha‚Ä¶ https://t.co/N4VZzTd4Kn",Le√≥n,ES
javier_olaeche,"@Rakelmarkos El plan alternativo era tambi√©n con el Delegado del Gobierno en Madrid, el Alcalde de Madrid y el Card‚Ä¶ https://t.co/2oAUGsOMm3",Madrid,ES
PanPanizo,"@GUBCNCSIF El matriarcado no podemos con esas pavas y pavos de la escala social,  yo no les soporto m√°s 
Se haga ca‚Ä¶ https://t.co/lyTjXKL2J4",Le√≥n,ES
m_peli,"La in√∫til corructa de Esperanza Aguirre intenta dar lecciones al gobierno.
Que ascazo de derecha

√öltima hora sobre‚Ä¶ https://t.co/ljyz6xm18K",Santa Coloma de Gramenet,ES
PanPanizo,"@colectivoanemoi El matriarcado no podemos con esas pavas y pavos de la escala social,  yo no les soporto m√°s 
Se h‚Ä¶ https://t.co/s68qebtKp8",Le√≥n,ES
PanPanizo,"@militaresantifa El matriarcado no podemos con esas pavas y pavos de la escala social,  yo no les soporto m√°s 
Se h‚Ä¶ https://t.co/chgEGeOYOR",Le√≥n,ES
PanPanizo,"@Alicantweet El matriarcado no podemos con esas pavas y pavos de la escala social,  yo no les soporto m√°s 
Se haga‚Ä¶ https://t.co/PxjxfhuV6H",Le√≥n,ES
PanPanizo,"@jennermostoles El matriarcado no podemos con esas pavas y pavos de la escala social,  yo no les soporto m√°s 
Se ha‚Ä¶ https://t.co/PEoonAx0TC",Le√≥n,ES
DaviLnk,"Por lo menos podemos viajar con el paladar. 

Vieiras a la plancha en versi√≥n jurrichera. 
.
. 
.
#foodie #seafood‚Ä¶ https://t.co/Rc5FL7NiTV",Talavera de la Reina,ES
AniitaGRR,las medidas de protecci√≥n que podemos tanto fuera como dentro de nuestro centro de trabajo. Estoy harta de ver c√≥mo‚Ä¶ https://t.co/oytBIDVvLS,San Sebasti√°n de los Reyes,ES
fuentedelateja,No ves q Iglesias y S√°nchez los han subvencionado a todos. Pa q trabajar.,Valencia,ES
angeeles013,El Gobierno deja salir a los ni√±os en una jornada 'marcada' por la irresponsabilidad de sus padres https://t.co/xYBB8JkaMv,Palma,ES
cachitopucela,"@miguel_husky10 El gobierno no tiene la culpa de que la gente sea gilipollas.
Poco a poco hay que ir saliendo de ca‚Ä¶ https://t.co/fiLBWnkn1M",Valladolid,ES
jacquiperezla,#aplausossanitarios la OMNS da la enhorabuena al gobierno y el facherio rancio pide que #SanchezSalDeLaMoncloa si s‚Ä¶ https://t.co/LL8Lr4KCuC,Valladolid,ES
Byakuel23,@HllH_Abaddon @Cabramaravilla Porque el gobierno es responsable y lo permite. Igual que el 8M y dem√°s aglomeracione‚Ä¶ https://t.co/BgxZH1133M,Zaragoza,ES
Alvaro_RBB1907,"@J_castillo_f @ElTinteroVB El gobierno ha cometido much√≠simos errores, pero que salgan a la calle el padre y la mad‚Ä¶ https://t.co/bT30zpzVTV",Sevilla,ES
angeeles013,El Gobierno dejar√° a los musulmanes ¬´finalizar el rezo en la v√≠a p√∫blica¬ª para ¬´evitar alteraciones del orden¬ª: https://t.co/5tYrcYNa7s,Palma,ES
felisaodasilva,"El dinero prometido por el Gobierno lleva tarde y a cuentagotas. 

https://t.co/vQgQ7Us2kN",Figueres,ES
miriamdlp20,Y usted como madre no cree que la culpa es de los irresponsables de los padres?? Ech√°is la culpa a gobierno porque‚Ä¶ https://t.co/Cv5v7dpLjz,Madrid,ES
KoBu_rn,Cuando prolonguen la cuarentena la culpa ser√° del gobierno de izquierdas no?,Barbastro,ES
stef_nina,"En casa entramos en cuarentena y ni a comprar podemos ir por un error del hospital donde mi mam√° trabaja, asiq nos vemosü§¶üèæ‚Äç‚ôÄÔ∏è",Jos√© Carlos Paz,AR
Andoolblu,A ver qu√© me quede claro. Para la Derecha y ultra derecha cuando en Murcia o Andaluc√≠a van ‚Äúmejor‚Äù con el tema Coro‚Ä¶ https://t.co/t5mKhaO2Uu,Madrid,ES
JavierAbascal1,@ale_neo_ El gobierno es una basura. Pero los ciudadanos que hacen las payasadas de hoy son iguales.,Sevilla,ES
mjimen48,"@elespanolcom Eso lo dice bas√°ndose en la mala gesti√≥n de la derecha en la CA de Madrid o en Andaluc√≠a, verdad??‚Ä¶ https://t.co/9vkBh1opaZ",Madrid,ES
felisaodasilva,"El dinero prometido por el Gobierno llega tarde y a cuentagotas. 

https://t.co/vQgQ7Us2kN",Figueres,ES
JesusAGomezM,"@Garza_RZCD @ArturoVilla_ Un gobierno debe gobernar por encima de las cr√≠ticas, el gobierno est√° para gobernar no p‚Ä¶ https://t.co/obL5ppEyHP",Sanl√∫car de Barrameda,ES
REMALEFICA,"@tortondo @Panik81 Es el gobierno quien usa a los muertos de la pandemia. Que por cierto, no son trozos de carne, s‚Ä¶ https://t.co/fWVlXYVwzG",Barcelona,ES
casaparra9,La psic√≥pata facha y los palmeros que la jalean. Qu√© bella historia.,Gata de Gorgos,ES
edvardeus1,"Todo sea por contrariar al gobierno, seguro que el PSOE ilegaliza el matrimonio homosexual y van ellos detr√°s a leg‚Ä¶ https://t.co/KrHV4lKcG2",Jerez de la Frontera,ES
elennamorales,"Podemos echar la culpa al gobierno de todo lo que quer√°is, pero aqu√≠ los irresponsables son los padres, que adem√°s‚Ä¶ https://t.co/KnMBvMG6zx",Teruel,ES
fbc_1988,"@PercevalT @SanGomezLopez M√≠ralos, desobedeciendo al Presidente del Gobierno xD",M√≥stoles,ES
marinamgl,La culpa es del gobierno por no saber que tenemos las neuronas justitas para no cagaros encima.,Valencia,ES
mariamarquezgui,@_InakiLopez_ Luego si se uerbe  a tras la culpa la tendr√° el gobierno,Sevilla,ES
frescoyseco,Llevo semanas intentando aguantarme la bilis sobre las medidas del Gobierno en materia de #educaci√≥n. El estupor en‚Ä¶ https://t.co/ZoGhgrpAFN,Madrid,ES
jean_steffe,@almosa75 Si pero pasado podemos cambiar üòâ https://t.co/NvyJIMr4ky,Alhaur√≠n de la Torre,ES
escipiohispalis,"Esto ya es buen√≠simo, los  Podemos fans identificando a los incumplidores con desafectos al gobierno. Raz√≥n: sus pr‚Ä¶ https://t.co/VRXWiqVzIS",Madrid,ES
roblesarranz,"La extrema derecha ya no respeta nada, ni siquiera el aplauso de las 20:00 h. Como dijera Zerolo: ‚ÄúEn su modelo de‚Ä¶ https://t.co/BmpKP8KgQR",Madrid,ES
manuelabarral,Esta tipejo no tiene verg√ºenza...ya tiene q estar mal el PP para sacar sejantes cad√°veres pol√≠ticos a decir tantas‚Ä¶ https://t.co/7grLIoiLGY,Huelva,ES
pakoelperro,"@hcitool @RubenSanchezTW Si lo hace uno de podemos esta noche tenemos Hastag y cacerolada, denuncia en la fiscalia y r√≠os de bilis.",C√≥rdoba,ES
melow_juanan,@Maanulpz Pero no podemos salir a la calle,And√∫jar,ES
EULOGIO_CARMONA,@Cazatalentos Yo creo que algo de miedo tienen en el cuerpo esta derecha corrupta.,Matar√≥,ES
Daniel_Sanz_C,"El gobierno quiere echar los 23.000 muertos a los que hoy hemos sacado a nuestros ni√±os.

#SanchezSalDeLaMoncloa
#SanchezQueremosTest",Madrid,ES
manueluchi,Ehhhhh!!! la de Malta me recuerda a Susana D√≠az del PSOE üòÇ #MaratonESC2004,Galapagar,ES
Monchodubert,"@Mejor_con_Vox Lo que hay que saber es si el gobierno lo permitir√≠a,son tan dictadores que no nos podemos fiar.",Santiago de Compostela,ES
Akitxu,üö® La semana pasada el Gobierno ‚Äúque escucha‚Äù escuch√≥ y rectific√≥. Espero levantarme ma√±ana con un Gobierno que adem‚Ä¶ https://t.co/NEMu5b1AJu,Madrid,ES
Raquel_Mateor,Este pavo ser√≠a capaz de culpar a psoe y podemos hasta de que caiga un meteorito,Valladolid,ES
EULOGIO_CARMONA,"Si seg√∫n #Maroto #PabloIgleias es el culpable de 5000 muertes en Madrid, hacemos un trato, a Iglesias que lo juzgue‚Ä¶ https://t.co/2kolqGqvur",Matar√≥,ES
dan_0316,@Santi_ABASCAL @MariaFdaCabal Ud se pasa de subnormal citando a este facha no? ü§¶üèª‚Äç‚ôÇÔ∏è,Madrid,ES
Alba12860,"@DineroNuevo @SWRFernando Eso es ya cosa del gobierno que lo est√° haciendo no todo mal sino peor que mal, privan lo‚Ä¶ https://t.co/UGNvbH98eK",Manresa,ES
nuquica,"@pablocast13 Que buenos son los del gobierno que nos dejan salir, pero que buenosssssssss",Zaragoza,ES
Manuel63674643,@JeffreyGuterman @realDonaldTrump Yo tengo tambi√©n dos uno  en el w√°ter y otro en el tigre pero de Abascal aqui en Espa√±a,Figueres,ES
Raquel_Mateor,"@Pereira_Hugo_ Qu√© pesado, macho. Ser√≠as capaz de echar la culpa al psoe hasta de que caiga un meteorito.",Valladolid,ES
launipes,@Viczuri @ATCoco2017 Creo qu√© el Gobierno se equivoca una vez m√°s y solo puedo decir qu√© los errores se pagan y muy‚Ä¶ https://t.co/yEXsUPDeon,Calasparra,ES
koly1968,#LoEstamosConsiguiendo imagino que este programa pagado por el gobierno lo tendr√©is que repetir varios meses m√°s ad‚Ä¶ https://t.co/ZpFJO4rc2c,Sevilla,ES
strigom_1995,"Cuarto golpe estado, qui√©n ser√° el siguiente, mi apuesta es Abascal de nuevo",Alcorc√≥n,ES
xxfreire,"@Panik81 Eso o se van a la playa todos juntos. 

By: una concejala de vox Sant Joan Alicante

@vox_es https://t.co/4wDfq5f9So",Sant Joan d'Alacant,ES
Bolloh,"@ffdzp7 @sanidadgob Igual yo, ni de este gobierno ni de ninguno de la oposici√≥n me parecen todos iguales y yo no so‚Ä¶ https://t.co/9t2RJsecG5",Madrid,ES
PilarAlandalus,@Palabradehumor @_InakiLopez_ @julia_otero El gobierno? Ser√° el PP que recort√≥ sanitarios y hospitales para darle a sus amiguitos.,Alcorc√≥n,ES
dml1994,@medicenViru Lo guapo es el desfile de gente cuando dijeron todos los fachas de instalarse telegram. Muchos no sab√≠‚Ä¶ https://t.co/J2ityRASFh,Ubrique,ES
CsNoPorDios,"@psoedeandalucia @Josefislop Esta mintiendo
Esta enga√±ando
Esta desafiando al gobierno
En mayo no habr√° bares y el lo sabe",Sevilla,ES
cristinatg13,Somos gilipollas y luego a las 19:00 vamos a hacer una cacerola al gobierno cuando los principales responsables som‚Ä¶ https://t.co/NqUZ9rNHxY,Madrid,ES
MARIANHONT,"Como tiene que ser,eso es lo l√≥gico y lo correcto lo contrario gobierno de Espa√±a",Pi√©lagos,ES
IvanRodado24,"Luego echar√©is pestes al gobierno y a los sanitarios por su gesti√≥n , panda de anormales",Madrid,ES
PeterPate15,"@RubenSanchezTW @AntonioMaestre Todo lo que no se√°is ustedes 
Facistas de izquierda 
Es malo 
Eliminar a la mitad d‚Ä¶ https://t.co/y2oSlNq7S6",Sevilla,ES
AndreaLara_21,Los que hacen cacerolada contra el gobierno y luego aplaude a la sanidad p√∫blica????,Ol√≠as del Rey,ES
jenni_c7,y os quejareis de la mala gesti√≥n del gobierno cuando sois unos miserables sin cerebro que os pas√°is las normas por‚Ä¶ https://t.co/LHKytggTmd,Madrid,ES
Nexus68,@OviedoCapital @ElAguijon_ La culpa la tiene este Gobierno del @PSOE... Esta basura... De LERDOS.,Madrid,ES
Ab_Ortega85,"@JJAguilon Verdad, que buen ojo tiene la derecha oye. Y que boquita para insultar no?",Sevilla,ES
HolaSoyMarge,@eufrii @JuanfraEscudero Cierto. Pero no puedo entender que se le eche la culpa al gobierno de que la gente sea irresponsable üôÑ,Barcelona,ES
xxfreire,@2Villalon @Sempre_Cules La soluci√≥n es tener a partidos fachas que no hagan caso a las normativas a√∫n siendo repre‚Ä¶ https://t.co/V45YjXdSFG,Cornell√† de Llobregat,ES
andrepeixotod,@triana2020 Mi ‚Äúmiedo‚Äù por liberaren el paseo era justo este. La gente no respeta y luego se queja si el gobierno n‚Ä¶ https://t.co/BqiPwbgTWj,Madrid,ES
PacoParraMartn1,@QuimTorraiPla si yo fuese el presidente del gobierno os dar√≠a a todos los independentistas la saticfacion de tener‚Ä¶ https://t.co/WpEMMpPfbO,√âcija,ES
ana_purpose,"Viendo como estabas las calles petadas de gente subnormal! Hay que tener cara dura de cr√≠ticar al gobierno 
ü§Ø",Madrid,ES
manuelromero422,@SergioLopezLei1 Votante de vox hijo de puta porque no has ido a trabajar al campo desgraciado de mierda junto a √©l‚Ä¶ https://t.co/tfpLPnh7bW,Barber√† del Vall√®s,ES
ebneuo,"Ahora vais y culpais al Gobierno de lo irresponsables que hay en este pa√≠s, yo si fuera S√°nchez y tras ver la madur‚Ä¶ https://t.co/19OpyRLzez",Orihuela,ES
PilarAlandalus,@Vimoro69 @Libroabierto12 @_InakiLopez_ Y al gobierno lo hubieran apedreado,Alcorc√≥n,ES
laiaiorri,@Josep75031556 De que  de  derechas o de izquierda tu deeeeee,Badalona,ES
Nirty56,Gracias üôèüèºGracias por los test al gobierno üôèüèº https://t.co/V0dW0vBoX7,Sevilla,ES
noemrtinez,@tomisanchez Te sobra el √∫ltimo hastag. O la irresponsabilidad de algunos adultos (que acusaban al Gobierno de no d‚Ä¶ https://t.co/HpmvqxlXQS,Eivissa,ES
jacquiperezla,@JavierB14397545 Dimite tu el gobierno lo est√° haciendo bien por eso la OMNS ha dado la enhorabuena a Pedro S√°nchez‚Ä¶ https://t.co/AhnvzN67EV,Valladolid,ES
juliocrubio,"Dejemos de juzgar a las personas por su forma de vestir. Porque puedes vestir de marca y votar a la izquierda, como‚Ä¶ https://t.co/FiBXeqcrsA",Madrid,ES
trumpllo,@ZZPAFF3 @SChiringuitos @pablocasado_ La derecha de Madrid a contado la verdad? Por que aparecieron los fallecidos‚Ä¶ https://t.co/v46Rml5EB5,Co√≠n,ES
andrepeixotod,@pablocasado_ estuvo muy pesado cuestionando al gobierno sobre la salida de los ni√±os. Resultado? Aglomeraci√≥n de p‚Ä¶ https://t.co/rr8YWYPAhu,Madrid,ES
PilarAlandalus,"@rosira_rosi @_InakiLopez_ @AntonioCruzE Seg√∫n ello el gobierno miente, se equivoca y todo lo hace mal. Cuando Azna‚Ä¶ https://t.co/Wg0j6ubNkb",Alcorc√≥n,ES
ElGranPlacton,"@HiragaApau @03690jul https://t.co/rFtMS887Lc ‚Ä∫ mat...
La matanza de Tiananmen, el gran tab√∫ del gobierno chino - La Vanguardia",Madrid,ES
Emilio65681639,"@FerAguilarL @PabloIglesias @SextaNocheTV Los sanitarios est√°n hartos de aplausos, lo que quieren es un gobierno ef‚Ä¶ https://t.co/3xVyAMIQJ4",C√≥rdoba,ES
13_Slore,"Os quejabais de los obreros y la culpa la van a tener los padres. 
Ah! No, es del gobierno de @sanchezcastejon siem‚Ä¶ https://t.co/v6PgUpkxSh",Madrid,ES
eliasgpc01,No pod√©is culpar al gobierno de que se√°is gilipollas,Madrid,ES
jacquiperezla,#AplausoSanitario desde qu√© los fachas han descubierto como se escribe un twes est√°n muy pesados cuantas elecciones‚Ä¶ https://t.co/cUe6XLKgHP,Valladolid,ES
bustidink,@fotoroalvarado Por cierto lo q ocurre en Espa√±a es una crisis POL√çTICA. Tenemos un gobierno autoritario y todav√≠a‚Ä¶ https://t.co/xWDl5LWLye,Galapagar,ES
trumpllo,@SomenSalva @HeiwaPaz @pablocasado_ Pues que estar√≠a el PP en el Gobierno,Co√≠n,ES
AnaCasa49146956,"Nooo s√≥lo a S√°nchez, a Iglesias y a ti por sectario",Madrid,ES
Daviidrodi,"vuestra irresponsabilidad como ciudadanos es tambi√©n culpa de Pedro Sanchez, ¬øno?",Pontevedra,ES
Maria_MartinM,"@Luis_Endera Pues en la foto de la derecha hay un par de ellos con un ""podemipolo"". Ojo.",Jerez de la Frontera,ES
PeterPate15,@PSOE No votar,Sevilla,ES
AnnieMejias,Mira que el #GobiernoDeEspana es un circo pero los ciudadanos #espa√±oles son igual o m√°s de gilipollas #ninosenlacalle,Sant Andreu de Llavaneres,ES
