user_name,name
Carlos71908200,Car_Mur
FrandeleonPP,Fran de LeÃ³n ğŸ‡ªğŸ‡¸Fdez CastaÃ±o
elysan0863,Ely_Man
Eloy99_bmx,Elooy
alepalcor,Ãlex (in da house ğŸ¡)
jgalfer,JesÃºs GalvÃ¡n
gemmablanco__,GemmaB_
cagolahostia,joan vilanova
mer_buigues,mer
SarayGutierre97,SARAY
angelcruz71,Angel Cruz ğŸ’¯
Suleony,Susana LeÃ³n y VelÃ¡squez
EleEls,haploide
cf_posadas,Posadas CF
patriramos16,patri
cyberparanoic,Ramon
JiBorrell,jibor ||*||
frescoyseco,frescoyseco
prblancoes,Pablo Rodriguez ğŸ‡ªğŸ‡¸ ğŸ™ğŸ¡
CMarieh2,Without fear of living!
joaquimbachs,joaquim b
Tonimurpe,Antonio murillo
luciadeluna,LucÃ­a Tolosa
jpaul2481,Ğ”Ğ¶Ğ¾Ğ½ ĞŸĞ°ÑƒĞ»
GuillePrieto10,PRIETO ğŸ›¸
andreabm00,Andrea Borreguero
ismaelito2306,Ismael JimÃ©nez
Rodrigoasalina,Rodrigo Aguilar
jbentabol,Javier Bentabol
pacoguillotina,Paco Jimenez
CalixtoRodrigu,Abel Calixto
estoyhastalosc4,@estoyhastaloscojones
antramaliada,AntramaliadağŸ‘€
abecarub,Abelardo Cano Rubio
GranaVeleta,Pepi...â¤AgoQueen #Libertad ğŸ“€#QuizÃ¡sğŸ–¤#Black
enrosinat,EnrosinatğŸ”»ğŸ‘½
tinjarsia,TÃ­n JarsÃ­a
karengianinna,"Vilchez,"
EmiliAgudo,Miliu at ğŸ 
carlitosga98,Charlie Marx â˜­
franjapeva78,PacoPerez
Leosegmar,Leo Segovia
CumbresTheBoss,Scum Fuckâ›”ï¸Flower Boy
NereaMJ2000,N E R E A âš˜
marikilla29,los sims de maria ğŸ˜˜ğŸ˜˜
iriaapinheiro,piÃ±i
FDE33,@FDE33
Daniel_Sanz_C,Daniel Sanz ğŸ–¤ğŸ‡ªğŸ‡¸
PabloIglesiasF,Pablo Iglesias #EnCasa ğŸ 
Bolzoni88,Kike Bolzoni Puente
Migueprados,Migue Prados
Cobiqueronalero,Kike Bravo Vidal
AnaDelOlmo10,Ana Del Olmo
Robcampnou67,robertallica â­â­â­â­â­ğŸ—
carmendieciocho,Carmen Alonso
brianvallemu,BRIAN.
TANIABENITEZ1,TANIA BENITEZ
luisrmcf,Luis
AbellaMonrea,Carlos abella
jesusgres,jesusgresğŸ”º
JesusGR1985,JesÃºs mj
Plz131,Plz13
claratroncoso2,claratroncoso
chrstntrj,Christian Truj
torreviejalook,Luis Iglesias Real Estate
anvasa125,Angel
Karla_G_P,Karla
pakoelperro,Perroâ˜£ï¸Flautaâ˜£ï¸FuriosoğŸ”»
patridunk,Patricio GirÃ¡ldez
sergiosnbl,SERGIO SÃNCHEZ BLANCO
carmen81533233,carmen
cheekyfujedi,juliette âš“
Alepf_5,Ale Pacheco
Agaleano1990,AGaleano
Matpaiper,Matilde
lassenoughes,Diselotomate
davidzannak,Davodin
PaulaOrtiz_,Paula Ortiz
DanniElHutt,Dani (Â¡que se bebe todo el agua!)
sergi1301,YoSoySergiDom
AmsoAntonio,Antonio sanchezğŸŒ¹ğŸŒ¹ğŸ‡ªğŸ‡¸ğŸŒ¹ğŸŒ¹
jpmencia,Î”KÈº Ä´Å¯ÉÍ·PÉ›Ë£Ë£Ë£
JPOMBOPAK,ğŸ‡ªğŸ‡ºğŸ¤ğŸ‡ªğŸ‡¸ğŸ¤ğŸ‡»ğŸ‡ª #EuroLatino
mikemoratinos,Michael
pvilhenaoliver,JÃ©rÃ©my TotalÃ¡n
AbrahamBiologia,Abraham ğŸ‡ªğŸ‡¸ (t.w.i.tt.e.r cerrÃ³ @Abraham1996_ESP)
OctavioAparic13,Octavio Aparicio OteroğŸ‡§ğŸ‡´
crespo212,Josep MartÃ­nez i Crespo
recaredo126,El Cid.
CamaradaMeliton,JuanjoC ğŸŒ¾ğŸ”» (En casa ğŸŒ†)
Charo74081601,Charo
lohellin,JesÃºs L. HellÃ­n. Mates&Talent (grupo facebook)
iAssistant4EMEA,iAssistant
Cencreas,Cencreas
JorgeYatale65,jorge martin
IvanFdz13,IvÃ¡n
lewiscott888,Lewis
JavierAbascal1,javier abascal
SergioNieto9,Sergio Nieto
Virginialaraleo,VIRGI ğŸ’«ğŸ‡¹ğŸ‡·â¤ï¸
Akikonaj,Charlie White
risk__risk,Risk
marcvidal,MÎ›RC VIDÎ›L
gervg_,Gervg ğŸ”»
rodillo3,Rafa
Soypatita,@Colchonero
Alejand30423810,Alejandro
JAFrias,Juan Antonio Frias
laiaiorri,Roser
CarlosL13101256,Carlos
JesusRuiperez1,Jesus Ruiperez Alamillo
Raquel_Mateor,RaquelğŸŒ¾
TxetxuSanz,Txetxu Sanz
belenllaves,belen velasco llaves
ricxjo26,RiÄ‰jo âœ¨
iu_teruel,Izquierda Unida TeruelğŸ”»
jelogaco,JesÃºs Lopez
joaquin78893341,Joaquin GutiÃ©rrezâ¤ï¸
Manuelc55390307,Manuel CastroğŸ–¤
DavidVisus,David VisÃºs ğŸ˜·ğŸ 
CHACHE_DIONI,ğŸ”»ğŸ”ªDIONISIO ALMENDROS BELMONTEğŸ”ªğŸ”»
Flordelima17,Flordelima
Mikiriver,Miki.
CB_Josee,Josee_CB_Â®ï¸ğŸ’¢â­•
Sobrino_Alvaro,ÏƒnlÑ‡ drugsğŸ”»
carlosfalm,CARLOS
angeeles013,Angeles Juan
DanyelATH13,Dani Vergara (en ğŸ¡) ğŸ¦ğŸ‡ªğŸ‡¸ğŸŠ
MTrujilloBerges,ManuelTrujilloBerges
javihino_,hinosfc
lorenpower2000,Lorenpower2000
DSabioC,Doctus
KikoSerranoH,ğŸ‡ªğŸ‡¸ Kiko Serrano ğŸ‡ªğŸ‡¸
Javiermelero10,Javier melero
summus_2,Summus2
trumpllo,El Chato ğŸ”» ğŸ‘
Chechucherias,JesÃºs SÃ¡nchez
xDaniik,Dani
PeterPate15,Peter Pate
CatalanChiflado,el catalan chiflado
lara_martinez8,Lara MartÃ­nez
MMagan82,Miguel Cuarentena MagÃ¡n
CabotCardell,Catalina Cardell Cabot
JrobledoJavier,JR
yasmaribello,Yasmari Bello
El_Perchelero,Claudio el espetaÃ³
claudiaceacero,Claudia
mellamanchapi,Manuel
cachitopucela,David #YoMeQuedoEnCasa
MiguelGarciaDo6,Miguel Garcia Dominguez
solaresplacasmf,Manuel Fuentes
EMmanuE83031381,ELmanuEL
Top_Fincas,Top_Fincas
Francis82301745,kakiğŸ’™ğŸ’™Â®ï¸soy cada sonrisa que me marca la vida
fandeNuriaFeliu,Francesc Vila
JOSEANGELROELR1,JOSE ANGEL ROEL RODRIGUEZ
JaumedeMallorca,Jaume de Mallorca
mariliendre3,Carmenchu
acpsicopedagoga,Ana Iglesias
A_MtnezIniesta,Antonio MartÃ­nez Iniesta
RimandoMoreno,ricardo moreno
Ceci264,CÉ›Ä†Ä±Ù³Ä±Ä… HÉ›Å™Å‹Ä…Å‹É–É›Ê‘ â™›
AbafPrieto,blanquiverde rojo
can_summeren27,miguel cancela serrano ğŸ‡­ğŸ‡ºğŸ‡­ğŸ‡ºğŸ‡­ğŸ‡ºğŸ‡­ğŸ‡ºğŸ‡­ğŸ‡ºğŸ‡­ğŸ‡º
aliciacorts1,Alicia CortÃ©sğŸ˜ˆ
BalladaresEnric,QUIQUE BAL.
Vinnikun,Vinnikun
santi05058,Santi
PacoParraMartn1,Paco Parra MartÃ­nez
Katxuki75,Katxuki Milladoiro
LeandrDelMoral,Leandro del Moral
ElChefPeroncho,Diegâ˜€ï¸ âœŒï¸
erjuabito,Rojillo ğŸ”»
gmdeaguilera,MaillodeAguilera
gastronfo,Isaac HernÃ¡ndez
eriikamartiinez,erikaenlacasa
treki23,Ivan Alexis âŒšï¸
mariaruizvega1,maria ruiz vega 
Hkto_Khan,Hkto Khan ğŸ’œğŸ”»
Beatriz_sgc,Beatriz 100% BÃºho
barlondres,Bar Londres Neme
Cesaltinade,AntonioTelo de Almeida
NuriaCPou,La Rubia al Kava ğŸ§— ğŸ‡«ğŸ‡· ğŸ”»ğŸ‡ªğŸ‡º
MABBSOLLER,artsoller.com mabb
BEAMPOLO,Beatriz Martinez ğŸ–¤ğŸ‡ªğŸ‡¸
elenamar98,emm
lolagil20,lola gil
Ignacio55422161,Ignacio Delgado
Moonworldwide1,Moonworldwide
Manueljuradoc,Manuel Jurado
PoromEmilio,emilio porompompero
Uniteva,Y a ti que???
GenesisMarchena,GÃ©nesis Marchena
reinfeld183,Javier G. Txapela
Herrero1946Jose,Jose Herrero Garcia
aitanasanzera8,#YOMEQUEDOENCASA
hhuedoquotes,huedoquotes
AzoteCasta,L. Curiel
RaulGuzzoConteG,RaÃºl Guzzo Conte-G.
ce67cigarcia,ceciliagarcia
babylxnch,É´á´á´€Êœ ğ˜Š ğ˜ˆ ğ˜“ ğ˜” ğŸ¤©
AlvaroBurrell,Alvaro Burrell
mxrtibx,ğŸŒ¹little artistğŸŒ¹
YsabellaFF,Ysabella âš¡ï¸
divermates,Divermates
Jennifeer_N,Jenni ğŸŒ¬ï¸
diegojim98,JimÃ©nez ğŸ”¯
LuisGarciaAlv15,Luis Garcia Alvarez
Anamonaster,Ana GonzÃ¡lez Sanchez
javicascabel,javier esteban
VIKYKA30,Vicky
JorgeOsmaC,Jorge Osma C.
pikeba7,chotus magnificus
PilarAlandalus,Alandalus
Pedrosanchezz63,Pedro SÃ¡nchez
Juan_VG11,ï£¿ JUAN VÃZQUEZ GARCÃA ï£¿
RosaTristan,Rosa M. TristÃ¡n
ftl1ftl2,pablo antonio torres
Montseyugo,Montserrat
ManueldeFranci4,Manuel de Francisco
Almadei_,Miguel Bastos
mariteremoto,Teresa
jmfp1969,JosÃ© Miguel F.PğŸ”´âš«ğŸ”´
47ce69c62c8d453,Juan Pedro Lopez
TheRealFucking8,The Real Fucking Witch
cronicasbrbaras,CrÃ³nicas BÃ¡rbaras
nuquica,Nuquica la gatica
KurtBravo,Ioannes Austriacus
natisanjuan,Natalia San Juan
Pasion_SFC_,PasiÃ³n Roja y Blanca âšªğŸ”´
ainarodriguezn,á¥²Î¹á¥’á¥² ğŸŒ¸
briones_ney,Ney Briones Zambrano
mariaortiz1_,marÃ­a â˜
excometals,Fernando JimÃ©nez Â¡Â¡EspaÃ±ol!!
mandarinaroja04,M.R Vilches
ppacocyl,Francisco VÃ¡zquez
Retamar95,ÃLVARO RETAMAR
LanyMayan,Lany Mayan B.
Rxbykk,RubydubydÃº ğŸ¦–
Markostris,Marcos Medina
FelixFuenla,SUKÃ˜
Paaula_martin_,Paula MartÃ­n
Y0_OpinoQue____,SoyAurora
Mar56474029,Mar
aavvpajaritos,AAVV Los Pajaritos
latrincheraTEA,MarioğŸ’šğŸ‡ªğŸ‡¸ğŸ’™ #NoNosCallaran #TestsYa
misxmuertos,tterman
dariociamanzoni,Dario Ciamanzoni
LyNDeK,Antonio
keyceci,key
marcopomapesca,Marco Pomares
tremolera,Alfonso Escamilla #quedateencasa
Tino10932320,cazagilipollas
inmaort,Inma Ortiz
SSnakeFHL,ğŸƒJorge es un Muchacho del DiabloğŸƒ
lk2_89,Pablo Delgado (en ğŸ  127.0.0.1)
josevelascofdez,Jose Velasco Fdez âš“ï¸
sheledeejay,shele
JuanDiego_77,Juandi
Samhain_Pumpkin,Amity Blightâ™€
carlosrie,Carlosrie
juanjopereira88,Jnj Pereira
emiesquiviashot,ğŸ‡ªğŸ‡¸EMIğŸ‡ªğŸ‡¸ğŸ’¯ Partido Popular ğŸ’™ğŸ‡ªğŸ‡¸ğŸ’™ *ESPAÃ‘A ğŸ–¤
Antotriana97,Antonio NÃºÃ±ez
victorfeeru,feru
eduardorojasrod,Eduardo Rojas
Vanestyle1402,Vanessa Gonzalez
miriam_mrtinez,Miriam Martinez
andrea_asensiio,andrea
Fermirv,FermÃ­n Rodriguez Vasallo (En Casa) /â™¥ï¸ ğŸŒ¹ ğŸŒ¹
aythornachuelos,Ayuntamiento de Hornachuelos
Luizao691,Luizao69
jorgeibarramore,jorge ibarra moreno
diego_radames,Diego RadamÃ©s Santos
celsroa,Celia Roa
jacquiperezla,JACQUELINE ABOGADA
BufiOjosAzules,Bufi
goku_junior,Sebas ğŸ³ï¸â€ğŸŒˆ
bertaserrano2,B E R T Aâš¡ï¸
ariasgomez57,gallego
FENICIA49,M.I.AğŸ‡ªğŸ‡¸ğŸ’š
PensadorAdelant,PENSADOR ADELANTADO
JuanCarlosMu83,Juan Carlos MuÃ±oz
BarrCallejas,Isabel Callejas Barr
PabloLoRuiz97,Pablo LÃ³pez Ruiz
chiripitiflsut2,chiripitiflsutico
FSANCHEZ12ATICO,Desde la Costa Dorada
Miguel_RG4,Miguel Ğ¯omero
AngeelCobos,Angel Cobosâ¿
MANUELLOPEZLAR2,Manuel Lopez
martka26,marta sanz
RCLARES3,RCLARES
ineednuts,RaÃºl  roquita
crispy7612,Cristina (yo me quedo en casa)
iPakino89,PakiÃ±o Ù† âœï¸ ğŸ‡ªğŸ‡¸ğŸ‡»ğŸ‡¦ğŸ‡ªğŸ‡º
ArchillaP,Juan JosÃ© Archilla
DDPNacho,Nacho DDP
bootomlinson19,â–½ 24-12-1991LTğŸ„ğŸ’§â—ŸÌ½â—Ì½ â–½
ErtoSiller,Albert (Runner)
alvarez_tila,Tila Alvarez
manolinelreal,Manuel /â¤ï¸ ğŸ”»
benvedra,ğŸ…±ğŸ…´ğŸ…½
PanPanizo,begonia uve pe
GASPARVILLANUE1,GASPAR VILLANUEVA VI
Valdemorodigita,ValdemoroDigital
javier_olaeche,Javier O. ğŸ‡ªğŸ‡¸ğŸ‡ªğŸ‡ºğŸ‡¬ğŸ‡§
m_peli,M_peli
DaviLnk,David
AniitaGRR,Aniita â™¥
fuentedelateja,elarrendajo
Byakuel23,#OG Byakuel
Alvaro_RBB1907,Alvaro
felisaodasilva,FÃ©lix Prieto
miriamdlp20,â˜ ï¸
KoBu_rn,Scar ğŸ”¥
stef_nina,Ñ•Ñ‚Ñ”Æ’Î±Î·Î¹Î±
Andoolblu,[P A N D A]
mjimen48,MAJ in da house ğŸ’šğŸ‡ªğŸ‡¸
JesusAGomezM,JesÃºs A. G. MontaÃ±o
REMALEFICA,HELENA MARTINEZ
casaparra9,Gos Jajaja
edvardeus1,Me llamo edvardeus
elennamorales,;Elena sin hache
fbc_1988,FÃ¡tima BreÃ±a
marinamgl,Marina
mariamarquezgui,MarÃ­a MÃ¡rquez  guira
jean_steffe,Jean
escipiohispalis,escipio magerit
roblesarranz,Miguel Ãngel Robles
manuelabarral,manuela
melow_juanan,melow
EULOGIO_CARMONA,RESPETO A LOS MAYORES
manueluchi,~BoniManu~
Monchodubert,RamÃ³n Dubert Cuns
Akitxu,IÃ±aki Aguado
dan_0316,Selfieman
Alba12860,Alba
Manuel63674643,tramontana
launipes,Unipes
koly1968,Fco Silgado Carmona
strigom_1995,sergio trigo saugar
xxfreire,SU ğ—™ğ—¥ğ—˜ğ—œğ—¥ğ—˜ ğŸ—ï¸
Bolloh,Alberto Bollo
dml1994,ÃÄ…×©Ä©à¹” Îœà¹Å—à¸„Å‚Ñ”à¸£
CsNoPorDios,Antonio Ortega Garci
cristinatg13,CrisğŸ’”
MARIANHONT,MARION
IvanRodado24,Gonzâ–²lez
AndreaLara_21,Andrea
jenni_c7,On Fire!ğŸ±ğŸ’™
Nexus68,Nexus68
Ab_Ortega85,Abel Blanco
HolaSoyMarge,SeÃ±ora X
andrepeixotod,AndrÃ© Peixoto
ana_purpose,ğŸ¦â³
manuelromero422,manuelromero42
ebneuo,ÆÆ–Î±Î·cÏƒÆÏƒÆÑ•UÎ·Î±OÏcÎ¹ÏƒÌÎ·
Nirty56,Â¡Â¡Por todos ellos!! #LutoNacional
noemrtinez,NoemÃ­ MartÃ­nez
juliocrubio,JulioC.R.AlgabaÂ®
ElGranPlacton,Plankton
Emilio65681639,Emilio
13_Slore,LoÑenÎ±
eliasgpc01,ElÃ­as ğŸ’œ
bustidink,Miguel Bustillo
AnaCasa49146956,Ana Casas
Daviidrodi,Daviidrodi
Maria_MartinM,MarÃ­a ğŸ¦ ğŸ”¨
AnnieMejias,Annie Mejia
